pais,fecha,fuente,mercado,ciudad,segmento,categoria,subcategoria,producto,producto_norm,variedad,calidad,tamano,origen,unidad_venta,unidad_tipo,cantidad_lb,moneda,precio_min,precio_max,precio_moda,precio_prom,precio_ref,precio_lb_local,tc_usd,precio_ref_usd,precio_lb_usd,url_fuente,reporte_id,capturado_en,hash
Nicaragua,2026-09-07,Bolsagro,Mercado Oriental,Managua,minorista,abarrotes,Otros,Aceite vegetal,aceite vegetal,,,,,Envase plástico (1 litro),litro,,NIO,89.0,89.0,,89.0,89.0,,36.747556,2.4219,,https://www.bolsagro.com.ni/estadisticas/precios-nacionales/59-precios-agropecuarios.html,,2026-09-10T17:06:10,ad96165959944999
Nicaragua,2026-09-07,Bolsagro,Mercado Oriental,Managua,minorista,abarrotes,Otros,Azúcar,azucar,,,,,Libra,libra,1.0,NIO,16.0,16.0,,16.0,16.0,16.0,36.747556,0.4354,0.435403,https://www.bolsagro.com.ni/estadisticas/precios-nacionales/59-precios-agropecuarios.html,,2026-09-10T17:06:10,3da8571a1543d6c0
Nicaragua,2026-09-07,Bolsagro,Mercado Oriental,Managua,minorista,carnes,Carnes,"Cerdo, costilla","cerdo, costilla",,,,,Libra,libra,1.0,NIO,95.0,95.0,,95.0,95.0,95.0,36.747556,2.5852,2.585206,https://www.bolsagro.com.ni/estadisticas/precios-nacionales/59-precios-agropecuarios.html,,2026-09-10T17:06:10,dc1ecc3e6398cbf6
Nicaragua,2026-09-07,Bolsagro,Mercado Oriental,Managua,minorista,carnes,Carnes,"Cerdo, posta","cerdo, posta",,,,,Libra,libra,1.0,NIO,95.0,95.0,,95.0,95.0,95.0,36.747556,2.5852,2.585206,https://www.bolsagro.com.ni/estadisticas/precios-nacionales/59-precios-agropecuarios.html,,2026-09-10T17:06:10,a663ac88db8156cb
Nicaragua,2026-09-07,Bolsagro,Mercado Oriental,Managua,minorista,carnes,Carnes,Muslos de pollo,muslos de pollo,,,,,Libra,libra,1.0,NIO,47.0,47.0,,47.0,47.0,47.0,36.747556,1.279,1.278997,https://www.bolsagro.com.ni/estadisticas/precios-nacionales/59-precios-agropecuarios.html,,2026-09-10T17:06:10,8938a48269958ee0
Nicaragua,2026-09-07,Bolsagro,Mercado Oriental,Managua,minorista,carnes,Carnes,Pechuga de pollo sin alas,pechuga de pollo sin alas,,,,,Libra,libra,1.0,NIO,67.0,67.0,,67.0,67.0,67.0,36.747556,1.8233,1.823251,https://www.bolsagro.com.ni/estadisticas/precios-nacionales/59-precios-agropecuarios.html,,2026-09-10T17:06:10,fa0acfbf0301c1f3
Nicaragua,2026-09-07,Bolsagro,Mercado Oriental,Managua,minorista,carnes,Carnes,Pierna entera de pollo,pierna entera de pollo,,,,,Libra,libra,1.0,NIO,52.0,52.0,,52.0,52.0,52.0,36.747556,1.4151,1.41506,https://www.bolsagro.com.ni/estadisticas/precios-nacionales/59-precios-agropecuarios.html,,2026-09-10T17:06:10,4eaf35d0985330db
Nicaragua,2026-09-07,Bolsagro,Mercado Oriental,Managua,minorista,carnes,Carnes,Pollo entero con menudos,pollo entero con menudos,,,,,Libra,libra,1.0,NIO,50.0,50.0,,50.0,50.0,50.0,36.747556,1.3606,1.360635,https://www.bolsagro.com.ni/estadisticas/precios-nacionales/59-precios-agropecuarios.html,,2026-09-10T17:06:10,8bdd477e78ca0f94
Nicaragua,2026-09-07,Bolsagro,Mercado Oriental,Managua,minorista,carnes,Carnes,Pollo entero sin menudos,pollo entero sin menudos,,,,,Libra,libra,1.0,NIO,50.0,50.0,,50.0,50.0,50.0,36.747556,1.3606,1.360635,https://www.bolsagro.com.ni/estadisticas/precios-nacionales/59-precios-agropecuarios.html,,2026-09-10T17:06:10,0a543a24ff7b057a
Nicaragua,2026-09-07,Bolsagro,Mercado Oriental,Managua,minorista,carnes,Carnes,Posta de res,posta de res,,,,,Libra,libra,1.0,NIO,130.0,130.0,,130.0,130.0,130.0,36.747556,3.5377,3.53765,https://www.bolsagro.com.ni/estadisticas/precios-nacionales/59-precios-agropecuarios.html,,2026-09-10T17:06:10,92c6e0c3ad006ce2
Nicaragua,2026-09-07,Bolsagro,Mercado Mayoreo,Managua,mayorista,frutas,,Aguacate,aguacate,,,Mediano,,Cien und (68 lb),cien,68.0,NIO,2800.0,2800.0,,2800.0,2800.0,41.1765,36.747556,76.1955,1.120523,https://www.bolsagro.com.ni/estadisticas/precios-nacionales/59-precios-agropecuarios.html,,2026-09-10T17:06:10,59b217980796e899
Nicaragua,2026-09-07,Bolsagro,Mercado Mayoreo,Managua,mayorista,frutas,,Aguacate,aguacate,,,Pequeño,,Cien und (50 lb),cien,50.0,NIO,2400.0,2400.0,,2400.0,2400.0,48.0,36.747556,65.3105,1.306209,https://www.bolsagro.com.ni/estadisticas/precios-nacionales/59-precios-agropecuarios.html,,2026-09-10T17:06:10,be68d00619ba6f3c
Nicaragua,2026-09-07,Bolsagro,Mercado Mayoreo,Managua,mayorista,frutas,,Banano maduro,banano maduro,,,Mediano,,Canasto 250 und (62-64 lb),canasto,63.0,NIO,270.0,270.0,,270.0,270.0,4.2857,36.747556,7.3474,0.116625,https://www.bolsagro.com.ni/estadisticas/precios-nacionales/59-precios-agropecuarios.html,,2026-09-10T17:06:10,a1639a2780255f1d
Nicaragua,2026-09-07,Bolsagro,Mercado Mayoreo,Managua,mayorista,frutas,,Banano verde,banano verde,,,Grande,,Cien und (50 lb),cien,50.0,NIO,300.0,300.0,,300.0,300.0,6.0,36.747556,8.1638,0.163276,https://www.bolsagro.com.ni/estadisticas/precios-nacionales/59-precios-agropecuarios.html,,2026-09-10T17:06:10,eb954b1c57fddf99
Nicaragua,2026-09-07,Bolsagro,Mercado Mayoreo,Managua,mayorista,frutas,,Coco seco,coco seco,,,Grande,,Cien und (180 lb),cien,180.0,NIO,2800.0,2800.0,,2800.0,2800.0,15.5556,36.747556,76.1955,0.42331,https://www.bolsagro.com.ni/estadisticas/precios-nacionales/59-precios-agropecuarios.html,,2026-09-10T17:06:10,7fa5817bf7704452
Nicaragua,2026-09-07,Bolsagro,Mercado Mayoreo,Managua,mayorista,frutas,,Coco seco,coco seco,,,Mediano,,Cien und (160 lb),cien,160.0,NIO,2600.0,2600.0,,2600.0,2600.0,16.25,36.747556,70.753,0.442206,https://www.bolsagro.com.ni/estadisticas/precios-nacionales/59-precios-agropecuarios.html,,2026-09-10T17:06:10,0879c800a5bce6be
Nicaragua,2026-09-07,Bolsagro,Mercado Mayoreo,Managua,mayorista,frutas,,Limón Persa,limon persa,,,Mediano,,Cien und (20-25 lb),cien,22.5,NIO,420.0,420.0,,420.0,420.0,18.6667,36.747556,11.4293,0.507971,https://www.bolsagro.com.ni/estadisticas/precios-nacionales/59-precios-agropecuarios.html,,2026-09-10T17:06:10,34236442f6e9425f
Nicaragua,2026-09-07,Bolsagro,Mercado Mayoreo,Managua,mayorista,frutas,,Limón indio,limon indio,,,Mediano,,Cien und (10 lb),cien,10.0,NIO,300.0,300.0,,300.0,300.0,30.0,36.747556,8.1638,0.816381,https://www.bolsagro.com.ni/estadisticas/precios-nacionales/59-precios-agropecuarios.html,,2026-09-10T17:06:10,7cb5b7035d0274ba
Nicaragua,2026-09-07,Bolsagro,Mercado Mayoreo,Managua,mayorista,frutas,,Limón indio,limon indio,,,Pequeño,,Cien und (7 lb),cien,7.0,NIO,250.0,250.0,,250.0,250.0,35.7143,36.747556,6.8032,0.971882,https://www.bolsagro.com.ni/estadisticas/precios-nacionales/59-precios-agropecuarios.html,,2026-09-10T17:06:10,ad18cf5321e63ab7
Nicaragua,2026-09-07,Bolsagro,Mercado Mayoreo,Managua,mayorista,frutas,,Maracuyá,maracuya,,,Mediano,,Cien und (25 lb),cien,25.0,NIO,720.0,720.0,,720.0,720.0,28.8,36.747556,19.5931,0.783726,https://www.bolsagro.com.ni/estadisticas/precios-nacionales/59-precios-agropecuarios.html,,2026-09-10T17:06:10,56f8a00b15e425cc
Nicaragua,2026-09-07,Bolsagro,Mercado Mayoreo,Managua,mayorista,frutas,,Maracuyá,maracuya,,,Pequeño,,Cien und (20 lb),cien,20.0,NIO,600.0,600.0,,600.0,600.0,30.0,36.747556,16.3276,0.816381,https://www.bolsagro.com.ni/estadisticas/precios-nacionales/59-precios-agropecuarios.html,,2026-09-10T17:06:10,e1ba2a36371d68bc
Nicaragua,2026-09-07,Bolsagro,Mercado Mayoreo,Managua,mayorista,frutas,,Melón Cantaloupe,melon cantaloupe,,,Mediano,,Cien und (250 lb),cien,250.0,NIO,3500.0,3500.0,,3500.0,3500.0,14.0,36.747556,95.2444,0.380978,https://www.bolsagro.com.ni/estadisticas/precios-nacionales/59-precios-agropecuarios.html,,2026-09-10T17:06:10,836cdfc4acad869f
Nicaragua,2026-09-07,Bolsagro,Mercado Mayoreo,Managua,mayorista,frutas,,Naranja Valencia,naranja valencia,,,Grande,,Cien und (95-105 lb),cien,100.0,NIO,600.0,600.0,,600.0,600.0,6.0,36.747556,16.3276,0.163276,https://www.bolsagro.com.ni/estadisticas/precios-nacionales/59-precios-agropecuarios.html,,2026-09-10T17:06:10,f6d611fbc39b08cd
Nicaragua,2026-09-07,Bolsagro,Mercado Mayoreo,Managua,mayorista,frutas,,Naranja Valencia,naranja valencia,,,Mediano,,Cien und (65-75 lb),cien,70.0,NIO,600.0,600.0,,600.0,600.0,8.5714,36.747556,16.3276,0.233251,https://www.bolsagro.com.ni/estadisticas/precios-nacionales/59-precios-agropecuarios.html,,2026-09-10T17:06:10,a25ce2a2254d1da3
Nicaragua,2026-09-07,Bolsagro,Mercado Mayoreo,Managua,mayorista,frutas,,Naranja Valencia,naranja valencia,,,Pequeño,,Cien und (35-45 lb),cien,40.0,NIO,250.0,250.0,,250.0,250.0,6.25,36.747556,6.8032,0.170079,https://www.bolsagro.com.ni/estadisticas/precios-nacionales/59-precios-agropecuarios.html,,2026-09-10T17:06:10,04c345c84070e136
Nicaragua,2026-09-07,Bolsagro,Mercado Mayoreo,Managua,mayorista,frutas,,Naranja agria,naranja agria,,,Mediano,,Cien und (45-50 lb),cien,47.5,NIO,850.0,850.0,,850.0,850.0,17.8947,36.747556,23.1308,0.486963,https://www.bolsagro.com.ni/estadisticas/precios-nacionales/59-precios-agropecuarios.html,,2026-09-10T17:06:10,749452c6a15cb737
Nicaragua,2026-09-07,Bolsagro,Mercado Mayoreo,Managua,mayorista,frutas,,Naranja agria,naranja agria,,,Pequeño,,Cien und (30-35 lb),cien,32.5,NIO,700.0,700.0,,700.0,700.0,21.5385,36.747556,19.0489,0.586121,https://www.bolsagro.com.ni/estadisticas/precios-nacionales/59-precios-agropecuarios.html,,2026-09-10T17:06:10,240bea489282f1ba
Nicaragua,2026-09-07,Bolsagro,Mercado Mayoreo,Managua,mayorista,frutas,,Papaya,papaya,,,Grande,,Docena (144-192 lb),docena,168.0,NIO,360.0,360.0,,360.0,360.0,2.1429,36.747556,9.7966,0.058314,https://www.bolsagro.com.ni/estadisticas/precios-nacionales/59-precios-agropecuarios.html,,2026-09-10T17:06:10,ef8d0a9880a909e4
Nicaragua,2026-09-07,Bolsagro,Mercado Mayoreo,Managua,mayorista,frutas,,Papaya,papaya,,,Mediano,,Docena (96-120 lb),docena,108.0,NIO,320.0,320.0,,320.0,320.0,2.963,36.747556,8.7081,0.080631,https://www.bolsagro.com.ni/estadisticas/precios-nacionales/59-precios-agropecuarios.html,,2026-09-10T17:06:10,41923e48beb2708d
Nicaragua,2026-09-07,Bolsagro,Mercado Mayoreo,Managua,mayorista,frutas,,Piña ácida,pina acida,,,Grande,,Docena (72 lb),docena,72.0,NIO,280.0,280.0,,280.0,280.0,3.8889,36.747556,7.6196,0.105827,https://www.bolsagro.com.ni/estadisticas/precios-nacionales/59-precios-agropecuarios.html,,2026-09-10T17:06:10,b8ab780d5ebaee17
Nicaragua,2026-09-07,Bolsagro,Mercado Mayoreo,Managua,mayorista,frutas,,Piña ácida,pina acida,,,Mediano,,Docena (48 lb),docena,48.0,NIO,260.0,260.0,,260.0,260.0,5.4167,36.747556,7.0753,0.147403,https://www.bolsagro.com.ni/estadisticas/precios-nacionales/59-precios-agropecuarios.html,,2026-09-10T17:06:10,480d6b62719da378
Nicaragua,2026-09-07,Bolsagro,Mercado Mayoreo,Managua,mayorista,frutas,,Piña ácida,pina acida,,,Pequeño,,Docena (30-36 lb),docena,33.0,NIO,230.0,230.0,,230.0,230.0,6.9697,36.747556,6.2589,0.189664,https://www.bolsagro.com.ni/estadisticas/precios-nacionales/59-precios-agropecuarios.html,,2026-09-10T17:06:10,fed93473ca17d81d
Nicaragua,2026-09-07,Bolsagro,Mercado Mayoreo,Managua,mayorista,frutas,,Plátano maduro,platano maduro,,,Grande,,Cien und (80-90 lb),cien,85.0,NIO,950.0,950.0,,950.0,950.0,11.1765,36.747556,25.8521,0.304143,https://www.bolsagro.com.ni/estadisticas/precios-nacionales/59-precios-agropecuarios.html,,2026-09-10T17:06:10,ff2d445059d14eb9
Nicaragua,2026-09-07,Bolsagro,Mercado Mayoreo,Managua,mayorista,frutas,,Plátano maduro,platano maduro,,,Mediano,,Cien und (50 lb),cien,50.0,NIO,700.0,700.0,,700.0,700.0,14.0,36.747556,19.0489,0.380978,https://www.bolsagro.com.ni/estadisticas/precios-nacionales/59-precios-agropecuarios.html,,2026-09-10T17:06:10,8352af8ff80cb690
Nicaragua,2026-09-07,Bolsagro,Mercado Mayoreo,Managua,mayorista,frutas,,Plátano maduro,platano maduro,,,Pequeño,,Cien und (25-30 lb),cien,27.5,NIO,500.0,500.0,,500.0,500.0,18.1818,36.747556,13.6063,0.494776,https://www.bolsagro.com.ni/estadisticas/precios-nacionales/59-precios-agropecuarios.html,,2026-09-10T17:06:10,6b629633ba51e01e
Nicaragua,2026-09-07,Bolsagro,Mercado Mayoreo,Managua,mayorista,frutas,,Plátano verde,platano verde,,,Grande,,Cien und (80-90 lb),cien,85.0,NIO,950.0,950.0,,950.0,950.0,11.1765,36.747556,25.8521,0.304143,https://www.bolsagro.com.ni/estadisticas/precios-nacionales/59-precios-agropecuarios.html,,2026-09-10T17:06:10,99d1622358a43ff1
Nicaragua,2026-09-07,Bolsagro,Mercado Mayoreo,Managua,mayorista,frutas,,Plátano verde,platano verde,,,Mediano,,Cien und (50 lb),cien,50.0,NIO,700.0,700.0,,700.0,700.0,14.0,36.747556,19.0489,0.380978,https://www.bolsagro.com.ni/estadisticas/precios-nacionales/59-precios-agropecuarios.html,,2026-09-10T17:06:10,5b02db4ea50b9483
Nicaragua,2026-09-07,Bolsagro,Mercado Mayoreo,Managua,mayorista,frutas,,Plátano verde,platano verde,,,Pequeño,,Cien und (25-30 lb),cien,27.5,NIO,500.0,500.0,,500.0,500.0,18.1818,36.747556,13.6063,0.494776,https://www.bolsagro.com.ni/estadisticas/precios-nacionales/59-precios-agropecuarios.html,,2026-09-10T17:06:10,cafd03962e3db612
Nicaragua,2026-09-07,Bolsagro,Mercado Mayoreo,Managua,mayorista,frutas,,Sandía Mickey Lee,sandia mickey lee,,,Grande,,Docena (180 lb),docena,180.0,NIO,500.0,500.0,,500.0,500.0,2.7778,36.747556,13.6063,0.075591,https://www.bolsagro.com.ni/estadisticas/precios-nacionales/59-precios-agropecuarios.html,,2026-09-10T17:06:10,83e988e52c590de6
Nicaragua,2026-09-07,Bolsagro,Mercado Mayoreo,Managua,mayorista,frutas,,Sandía Mickey Lee,sandia mickey lee,,,Mediano,,Docena (108-132 lb),docena,120.0,NIO,650.0,650.0,,650.0,650.0,5.4167,36.747556,17.6883,0.147403,https://www.bolsagro.com.ni/estadisticas/precios-nacionales/59-precios-agropecuarios.html,,2026-09-10T17:06:10,dd7871c9241f4526
Nicaragua,2026-09-07,Bolsagro,Mercado Mayoreo,Managua,mayorista,frutas,,Sandía Mickey Lee,sandia mickey lee,,,Pequeño,,Docena (48-72 lb),docena,60.0,NIO,400.0,400.0,,400.0,400.0,6.6667,36.747556,10.8851,0.181419,https://www.bolsagro.com.ni/estadisticas/precios-nacionales/59-precios-agropecuarios.html,,2026-09-10T17:06:10,1815493785befc4e
Nicaragua,2026-09-07,Bolsagro,Mercado Mayoreo,Managua,mayorista,frutas,,Tamarindo sin cáscara,tamarindo sin cascara,,,Mediano,,Quintal (100 lb),quintal,100.0,NIO,5600.0,5600.0,,5600.0,5600.0,56.0,36.747556,152.3911,1.523911,https://www.bolsagro.com.ni/estadisticas/precios-nacionales/59-precios-agropecuarios.html,,2026-09-10T17:06:10,63e878744714daaf
Nicaragua,2026-09-07,Bolsagro,Mercado Oriental,Managua,mayorista,granos,,Arroz (70/30),arroz (70/30),,,,,Quintal (100 lb),quintal,100.0,NIO,1850.0,1850.0,,1850.0,1850.0,18.5,36.747556,50.3435,0.503435,https://www.bolsagro.com.ni/estadisticas/precios-nacionales/59-precios-agropecuarios.html,,2026-09-10T17:06:10,debdc5c015732689
Nicaragua,2026-09-07,Bolsagro,Mercado Oriental,Managua,minorista,granos,,Arroz (70/30),arroz (70/30),,,,,Libra,libra,1.0,NIO,20.0,20.0,,20.0,20.0,20.0,36.747556,0.5443,0.544254,https://www.bolsagro.com.ni/estadisticas/precios-nacionales/59-precios-agropecuarios.html,,2026-09-10T17:06:10,045edd750fa5f23a
Nicaragua,2026-09-07,Bolsagro,Mercado Oriental,Managua,mayorista,granos,,Arroz (80/20),arroz (80/20),,,,,Quintal (100 lb),quintal,100.0,NIO,2100.0,2100.0,,2100.0,2100.0,21.0,36.747556,57.1467,0.571467,https://www.bolsagro.com.ni/estadisticas/precios-nacionales/59-precios-agropecuarios.html,,2026-09-10T17:06:10,6c5c29a299f0fc24
Nicaragua,2026-09-07,Bolsagro,Mercado Oriental,Managua,minorista,granos,,Arroz (80/20),arroz (80/20),,,,,Libra,libra,1.0,NIO,22.0,22.0,,22.0,22.0,22.0,36.747556,0.5987,0.598679,https://www.bolsagro.com.ni/estadisticas/precios-nacionales/59-precios-agropecuarios.html,,2026-09-10T17:06:10,db3af6a6dd54ba91
Nicaragua,2026-09-07,Bolsagro,Mercado Oriental,Managua,mayorista,granos,,Arroz (96/4),arroz (96/4),,,,,Quintal (100 lb),quintal,100.0,NIO,2360.0,2360.0,,2360.0,2360.0,23.6,36.747556,64.222,0.64222,https://www.bolsagro.com.ni/estadisticas/precios-nacionales/59-precios-agropecuarios.html,,2026-09-10T17:06:10,6662af9650b29a6b
Nicaragua,2026-09-07,Bolsagro,Mercado Oriental,Managua,minorista,granos,,Arroz (96/4),arroz (96/4),,,,,Libra,libra,1.0,NIO,25.0,25.0,,25.0,25.0,25.0,36.747556,0.6803,0.680317,https://www.bolsagro.com.ni/estadisticas/precios-nacionales/59-precios-agropecuarios.html,,2026-09-10T17:06:10,1bbf5f1f8bfb4da4
Nicaragua,2026-09-07,Bolsagro,Mercado Oriental,Managua,mayorista,granos,,Arroz puntilla,arroz puntilla,,,,,Quintal (100 lb),quintal,100.0,NIO,850.0,850.0,,850.0,850.0,8.5,36.747556,23.1308,0.231308,https://www.bolsagro.com.ni/estadisticas/precios-nacionales/59-precios-agropecuarios.html,,2026-09-10T17:06:10,8a2a1434deabffc8
Nicaragua,2026-09-07,Bolsagro,Mercado Oriental,Managua,mayorista,granos,,Cacao,cacao,,,,,Quintal (100 lb),quintal,100.0,NIO,8000.0,8000.0,,8000.0,8000.0,80.0,36.747556,217.7016,2.177016,https://www.bolsagro.com.ni/estadisticas/precios-nacionales/59-precios-agropecuarios.html,,2026-09-10T17:06:10,44fd9cc67ebf6ba2
Nicaragua,2026-09-07,Bolsagro,Mercado Oriental,Managua,mayorista,granos,,Frijol rojo,frijol rojo,,,,,Quintal (100 lb),quintal,100.0,NIO,2800.0,2800.0,,2800.0,2800.0,28.0,36.747556,76.1955,0.761955,https://www.bolsagro.com.ni/estadisticas/precios-nacionales/59-precios-agropecuarios.html,,2026-09-10T17:06:10,c2560d84f384d507
Nicaragua,2026-09-07,Bolsagro,Mercado Oriental,Managua,minorista,granos,,Frijol rojo,frijol rojo,,,,,Libra,libra,1.0,NIO,30.0,30.0,,30.0,30.0,30.0,36.747556,0.8164,0.816381,https://www.bolsagro.com.ni/estadisticas/precios-nacionales/59-precios-agropecuarios.html,,2026-09-10T17:06:10,cc8338801d67b2f3
Nicaragua,2026-09-07,Bolsagro,Mercado Oriental,Managua,mayorista,granos,,Frijol tinto,frijol tinto,,,,,Quintal (100 lb),quintal,100.0,NIO,2900.0,2900.0,,2900.0,2900.0,29.0,36.747556,78.9168,0.789168,https://www.bolsagro.com.ni/estadisticas/precios-nacionales/59-precios-agropecuarios.html,,2026-09-10T17:06:10,c72e65f0fddf4d55
Nicaragua,2026-09-07,Bolsagro,Mercado Oriental,Managua,minorista,granos,,Frijol tinto,frijol tinto,,,,,Libra,libra,1.0,NIO,32.0,32.0,,32.0,32.0,32.0,36.747556,0.8708,0.870806,https://www.bolsagro.com.ni/estadisticas/precios-nacionales/59-precios-agropecuarios.html,,2026-09-10T17:06:10,9f446b89043be39c
Nicaragua,2026-09-07,Bolsagro,Mercado Oriental,Managua,mayorista,granos,,Maíz blanco,maiz blanco,,,,,Quintal (100 lb),quintal,100.0,NIO,1300.0,1300.0,,1300.0,1300.0,13.0,36.747556,35.3765,0.353765,https://www.bolsagro.com.ni/estadisticas/precios-nacionales/59-precios-agropecuarios.html,,2026-09-10T17:06:10,1ca745f98dbe14d3
Nicaragua,2026-09-07,Bolsagro,Mercado Oriental,Managua,minorista,granos,,Maíz blanco,maiz blanco,,,,,Libra,libra,1.0,NIO,14.0,14.0,,14.0,14.0,14.0,36.747556,0.381,0.380978,https://www.bolsagro.com.ni/estadisticas/precios-nacionales/59-precios-agropecuarios.html,,2026-09-10T17:06:10,5dd7f22dbd6af893
Nicaragua,2026-09-07,Bolsagro,Mercado Oriental,Managua,mayorista,granos,,Semilla jicaro,semilla jicaro,,,,,Quintal (100 lb),quintal,100.0,NIO,4300.0,4300.0,,4300.0,4300.0,43.0,36.747556,117.0146,1.170146,https://www.bolsagro.com.ni/estadisticas/precios-nacionales/59-precios-agropecuarios.html,,2026-09-10T17:06:10,420e34064402d82a
Nicaragua,2026-09-07,Bolsagro,Mercado Oriental,Managua,mayorista,granos,,Sorgo blanco,sorgo blanco,,,,,Quintal (100 lb),quintal,100.0,NIO,1200.0,1200.0,,1200.0,1200.0,12.0,36.747556,32.6552,0.326552,https://www.bolsagro.com.ni/estadisticas/precios-nacionales/59-precios-agropecuarios.html,,2026-09-10T17:06:10,d7686924fc1c47fd
Nicaragua,2026-09-07,Bolsagro,Mercado Oriental,Managua,minorista,granos,,Sorgo blanco,sorgo blanco,,,,,Libra,libra,1.0,NIO,15.0,15.0,,15.0,15.0,15.0,36.747556,0.4082,0.40819,https://www.bolsagro.com.ni/estadisticas/precios-nacionales/59-precios-agropecuarios.html,,2026-09-10T17:06:10,16781cd95f28deca
Nicaragua,2026-09-07,Bolsagro,Mercado Oriental,Managua,mayorista,granos,,Sorgo rojo,sorgo rojo,,,,,Quintal (100 lb),quintal,100.0,NIO,1400.0,1400.0,,1400.0,1400.0,14.0,36.747556,38.0978,0.380978,https://www.bolsagro.com.ni/estadisticas/precios-nacionales/59-precios-agropecuarios.html,,2026-09-10T17:06:10,45e8d3d2fbaaa1c7
Nicaragua,2026-09-07,Bolsagro,Mercado Oriental,Managua,mayorista,granos,,Soya,soya,,,,,Quintal (100 lb),quintal,100.0,NIO,4600.0,4600.0,,4600.0,4600.0,46.0,36.747556,125.1784,1.251784,https://www.bolsagro.com.ni/estadisticas/precios-nacionales/59-precios-agropecuarios.html,,2026-09-10T17:06:10,d01f86d47ae496c1
Nicaragua,2026-09-07,Bolsagro,Mercado Mayoreo,Managua,mayorista,hortalizas,,"Ajo blanco, CAT 1","ajo blanco, cat 1",,,Calibre 50 mm,,Caja (10 kg),caja,22.0462,NIO,1100.0,1100.0,,1100.0,1100.0,49.8952,36.747556,29.934,1.357783,https://www.bolsagro.com.ni/estadisticas/precios-nacionales/59-precios-agropecuarios.html,,2026-09-10T17:06:10,83a9629334ef3777
Nicaragua,2026-09-07,Bolsagro,Mercado Mayoreo,Managua,mayorista,hortalizas,,"Ajo blanco, CAT 1","ajo blanco, cat 1",,,Calibre 50 mm,,Caja (5 kg),caja,11.0231,NIO,550.0,550.0,,550.0,550.0,49.8952,36.747556,14.967,1.357783,https://www.bolsagro.com.ni/estadisticas/precios-nacionales/59-precios-agropecuarios.html,,2026-09-10T16:49:12,8061db3c206f15f0
Nicaragua,2026-09-07,Bolsagro,Mercado Mayoreo,Managua,mayorista,hortalizas,,"Ajo blanco, CAT 1","ajo blanco, cat 1",,,Calibre 50 mm,,Caja (5kg),caja,11.0231,NIO,550.0,550.0,,550.0,550.0,49.8952,36.747556,14.967,1.357783,https://www.bolsagro.com.ni/estadisticas/precios-nacionales/59-precios-agropecuarios.html,,2026-09-10T17:06:10,d53788a667218d01
Nicaragua,2026-09-07,Bolsagro,Mercado Mayoreo,Managua,mayorista,hortalizas,,Apio,apio,,,Mediano,,Saco 30 mazos (80-90 lb),saco,85.0,NIO,1800.0,1800.0,,1800.0,1800.0,21.1765,36.747556,48.9828,0.57627,https://www.bolsagro.com.ni/estadisticas/precios-nacionales/59-precios-agropecuarios.html,,2026-09-10T17:06:10,c12fa4a523194632
Nicaragua,2026-09-07,Bolsagro,Mercado Mayoreo,Managua,mayorista,hortalizas,,Ayote maduro,ayote maduro,,,Grande,,Docena (180 lb),docena,180.0,NIO,700.0,700.0,,700.0,700.0,3.8889,36.747556,19.0489,0.105827,https://www.bolsagro.com.ni/estadisticas/precios-nacionales/59-precios-agropecuarios.html,,2026-09-10T17:06:10,334e812f8b586b35
Nicaragua,2026-09-07,Bolsagro,Mercado Mayoreo,Managua,mayorista,hortalizas,,Ayote maduro,ayote maduro,,,Mediano,,Docena (120 lb),docena,120.0,NIO,400.0,400.0,,400.0,400.0,3.3333,36.747556,10.8851,0.090708,https://www.bolsagro.com.ni/estadisticas/precios-nacionales/59-precios-agropecuarios.html,,2026-09-10T17:06:10,4ec9646ba758cae9
Nicaragua,2026-09-07,Bolsagro,Mercado Mayoreo,Managua,mayorista,hortalizas,,Ayote tierno,ayote tierno,,,Pequeño,,Docena (60 lb),docena,60.0,NIO,240.0,240.0,,240.0,240.0,4.0,36.747556,6.531,0.108851,https://www.bolsagro.com.ni/estadisticas/precios-nacionales/59-precios-agropecuarios.html,,2026-09-10T17:06:10,434a461b6a88769f
Nicaragua,2026-09-07,Bolsagro,Mercado Mayoreo,Managua,mayorista,hortalizas,,Brócoli,brocoli,,,Pequeño,,Docena (12 lb),docena,12.0,NIO,550.0,550.0,,550.0,550.0,45.8333,36.747556,14.967,1.247248,https://www.bolsagro.com.ni/estadisticas/precios-nacionales/59-precios-agropecuarios.html,,2026-09-10T17:06:10,f53c28cf3826ede9
Nicaragua,2026-09-07,Bolsagro,Mercado Mayoreo,Managua,mayorista,hortalizas,,Cebolla amarilla seca,cebolla amarilla seca,,,Mediano,,Saco (50 lb),saco,50.0,NIO,900.0,900.0,,900.0,900.0,18.0,36.747556,24.4914,0.489828,https://www.bolsagro.com.ni/estadisticas/precios-nacionales/59-precios-agropecuarios.html,,2026-09-10T17:06:10,a9312e9a1847e706
Nicaragua,2026-09-07,Bolsagro,Mercado Mayoreo,Managua,mayorista,hortalizas,,Cebolla amarilla seca,cebolla amarilla seca,,,Pequeño,,Saco (50 lb),saco,50.0,NIO,700.0,700.0,,700.0,700.0,14.0,36.747556,19.0489,0.380978,https://www.bolsagro.com.ni/estadisticas/precios-nacionales/59-precios-agropecuarios.html,,2026-09-10T17:06:10,c251895fcc95e3df
Nicaragua,2026-09-07,Bolsagro,Mercado Mayoreo,Managua,mayorista,hortalizas,,Chayote verde oscuro,chayote verde oscuro,,,Grande,,Saco de 200 und (150 lb),saco,150.0,NIO,900.0,900.0,,900.0,900.0,6.0,36.747556,24.4914,0.163276,https://www.bolsagro.com.ni/estadisticas/precios-nacionales/59-precios-agropecuarios.html,,2026-09-10T17:06:10,671f6ce6ffd25d86
Nicaragua,2026-09-07,Bolsagro,Mercado Mayoreo,Managua,mayorista,hortalizas,,Chile Jalapeño,chile jalapeno,,,Mediano,,Quintal (100 lb),quintal,100.0,NIO,600.0,600.0,,600.0,600.0,6.0,36.747556,16.3276,0.163276,https://www.bolsagro.com.ni/estadisticas/precios-nacionales/59-precios-agropecuarios.html,,2026-09-10T17:06:10,cba30e05ea5f5df9
Nicaragua,2026-09-07,Bolsagro,Mercado Mayoreo,Managua,mayorista,hortalizas,,Chilote,chilote,,,Mediano,,Cien und (30-35 lb),cien,32.5,NIO,200.0,200.0,,200.0,200.0,6.1538,36.747556,5.4425,0.167461,https://www.bolsagro.com.ni/estadisticas/precios-nacionales/59-precios-agropecuarios.html,,2026-09-10T17:06:10,b117b7bdeb5ef467
Nicaragua,2026-09-07,Bolsagro,Mercado Mayoreo,Managua,mayorista,hortalizas,,Chiltoma,chiltoma,,,Mediano,,Saco (50-60 lb),saco,55.0,NIO,900.0,900.0,,900.0,900.0,16.3636,36.747556,24.4914,0.445298,https://www.bolsagro.com.ni/estadisticas/precios-nacionales/59-precios-agropecuarios.html,,2026-09-10T17:06:10,4667abc118f9b511
Nicaragua,2026-09-07,Bolsagro,Mercado Mayoreo,Managua,mayorista,hortalizas,,Coliflor,coliflor,,,Mediano,,Docena (24 lb),docena,24.0,NIO,600.0,600.0,,600.0,600.0,25.0,36.747556,16.3276,0.680317,https://www.bolsagro.com.ni/estadisticas/precios-nacionales/59-precios-agropecuarios.html,,2026-09-10T17:06:10,3622b4e247196c5c
Nicaragua,2026-09-07,Bolsagro,Mercado Mayoreo,Managua,mayorista,hortalizas,,Culantro,culantro,,,Mediano,,Mazo (2.5-3 oz),mazo,0.1719,NIO,50.0,50.0,,50.0,50.0,290.8668,36.747556,1.3606,7.915269,https://www.bolsagro.com.ni/estadisticas/precios-nacionales/59-precios-agropecuarios.html,,2026-09-10T17:06:10,4c67cf77ad53dcd9
Nicaragua,2026-09-07,Bolsagro,Mercado Mayoreo,Managua,mayorista,hortalizas,,Elote blanco,elote blanco,,,Mediano,,Cien und (70-80 lb),cien,75.0,NIO,750.0,750.0,,750.0,750.0,10.0,36.747556,20.4095,0.272127,https://www.bolsagro.com.ni/estadisticas/precios-nacionales/59-precios-agropecuarios.html,,2026-09-10T17:06:10,796f2b564ff248dd
Nicaragua,2026-09-07,Bolsagro,Mercado Mayoreo,Managua,mayorista,hortalizas,,Hierbabuena,hierbabuena,,,Mediano,,Canasto 30 doc (50-60 lb),canasto,55.0,NIO,1500.0,1500.0,,1500.0,1500.0,27.2727,36.747556,40.819,0.742164,https://www.bolsagro.com.ni/estadisticas/precios-nacionales/59-precios-agropecuarios.html,,2026-09-10T17:06:10,7fbd576b1c7aa8d1
Nicaragua,2026-09-07,Bolsagro,Mercado Mayoreo,Managua,mayorista,hortalizas,,Lechuga Iceberg,lechuga iceberg,,,Mediano,,Docena (16-18 lb),docena,17.0,NIO,250.0,250.0,,250.0,250.0,14.7059,36.747556,6.8032,0.400187,https://www.bolsagro.com.ni/estadisticas/precios-nacionales/59-precios-agropecuarios.html,,2026-09-10T17:06:10,01f18edb2206159e
Nicaragua,2026-09-07,Bolsagro,Mercado Mayoreo,Managua,mayorista,hortalizas,,Lechuga Iceberg,lechuga iceberg,,,Pequeño,,Docena (9-14 lb),docena,11.5,NIO,200.0,200.0,,200.0,200.0,17.3913,36.747556,5.4425,0.473264,https://www.bolsagro.com.ni/estadisticas/precios-nacionales/59-precios-agropecuarios.html,,2026-09-10T17:06:10,d0988110424807ae
Nicaragua,2026-09-07,Bolsagro,Mercado Mayoreo,Managua,mayorista,hortalizas,,Papa blanca,papa blanca,,,Mediano,,Quintal (100 lb),quintal,100.0,NIO,2400.0,2400.0,,2400.0,2400.0,24.0,36.747556,65.3105,0.653105,https://www.bolsagro.com.ni/estadisticas/precios-nacionales/59-precios-agropecuarios.html,,2026-09-10T17:06:10,b11ffaff46eb99d8
Nicaragua,2026-09-07,Bolsagro,Mercado Mayoreo,Managua,mayorista,hortalizas,,Pepino,pepino,,,Mediano,,Saco (150 lb),saco,150.0,NIO,700.0,700.0,,700.0,700.0,4.6667,36.747556,19.0489,0.126993,https://www.bolsagro.com.ni/estadisticas/precios-nacionales/59-precios-agropecuarios.html,,2026-09-10T17:06:10,61c37a3ead8b51ef
Nicaragua,2026-09-07,Bolsagro,Mercado Mayoreo,Managua,mayorista,hortalizas,,Perejil,perejil,,,Mediano,,Mazo (6-8 oz),mazo,0.4375,NIO,40.0,40.0,,40.0,40.0,91.4286,36.747556,1.0885,2.488019,https://www.bolsagro.com.ni/estadisticas/precios-nacionales/59-precios-agropecuarios.html,,2026-09-10T17:06:10,24a468c101d965ce
Nicaragua,2026-09-07,Bolsagro,Mercado Mayoreo,Managua,mayorista,hortalizas,,Pipián,pipian,,,Mediano,,Docena (8-9 lb),docena,8.5,NIO,140.0,140.0,,140.0,140.0,16.4706,36.747556,3.8098,0.448209,https://www.bolsagro.com.ni/estadisticas/precios-nacionales/59-precios-agropecuarios.html,,2026-09-10T17:06:10,8f3cbefb7d1b27b0
Nicaragua,2026-09-07,Bolsagro,Mercado Mayoreo,Managua,mayorista,hortalizas,,Quequisque,quequisque,,,Mediano,,Saco (110-130 lb),saco,120.0,NIO,2000.0,2000.0,,2000.0,2000.0,16.6667,36.747556,54.4254,0.453546,https://www.bolsagro.com.ni/estadisticas/precios-nacionales/59-precios-agropecuarios.html,,2026-09-10T17:06:10,52bf9eb57a290fc7
Nicaragua,2026-09-07,Bolsagro,Mercado Mayoreo,Managua,mayorista,hortalizas,,Remolacha,remolacha,,,Grande,,Saco (95-100 lb),saco,97.5,NIO,1200.0,1200.0,,1200.0,1200.0,12.3077,36.747556,32.6552,0.334926,https://www.bolsagro.com.ni/estadisticas/precios-nacionales/59-precios-agropecuarios.html,,2026-09-10T17:06:10,f78938261e9c1803
Nicaragua,2026-09-07,Bolsagro,Mercado Mayoreo,Managua,mayorista,hortalizas,,Repollo verde,repollo verde,,,Grande,,"Cien und (1,000-1,200 lb)",cien,200.0,NIO,5000.0,5000.0,,5000.0,5000.0,25.0,36.747556,136.0635,0.680317,https://www.bolsagro.com.ni/estadisticas/precios-nacionales/59-precios-agropecuarios.html,,2026-09-10T17:06:10,980bfec3841afeba
Nicaragua,2026-09-07,Bolsagro,Mercado Mayoreo,Managua,mayorista,hortalizas,,Repollo verde,repollo verde,,,Grande,,Cien und (800 lb),cien,800.0,NIO,4000.0,4000.0,,4000.0,4000.0,5.0,36.747556,108.8508,0.136063,https://www.bolsagro.com.ni/estadisticas/precios-nacionales/59-precios-agropecuarios.html,,2026-09-10T16:49:12,24186db4694cf9e7
Nicaragua,2026-09-07,Bolsagro,Mercado Mayoreo,Managua,mayorista,hortalizas,,Repollo verde,repollo verde,,,Pequeño,,Cien und (500 lb),cien,500.0,NIO,3000.0,3000.0,,3000.0,3000.0,6.0,36.747556,81.6381,0.163276,https://www.bolsagro.com.ni/estadisticas/precios-nacionales/59-precios-agropecuarios.html,,2026-09-10T17:06:10,9c8151cd3167ba88
Nicaragua,2026-09-07,Bolsagro,Mercado Mayoreo,Managua,mayorista,hortalizas,,Repollo verde,repollo verde,,,Mediano,,Cien und (800 lb),cien,800.0,NIO,4000.0,4000.0,,4000.0,4000.0,5.0,36.747556,108.8508,0.136063,https://www.bolsagro.com.ni/estadisticas/precios-nacionales/59-precios-agropecuarios.html,,2026-09-10T17:06:10,02ea4ec4037feece
Nicaragua,2026-09-07,Bolsagro,Mercado Mayoreo,Managua,mayorista,hortalizas,,Rábano,rabano,,,Mediano,,Mazo (1.5-2 lb),mazo,1.75,NIO,40.0,40.0,,40.0,40.0,22.8571,36.747556,1.0885,0.622003,https://www.bolsagro.com.ni/estadisticas/precios-nacionales/59-precios-agropecuarios.html,,2026-09-10T17:06:10,17906be74fbb214d
Nicaragua,2026-09-07,Bolsagro,Mercado Mayoreo,Managua,mayorista,hortalizas,,Tomate pera,tomate pera,,,Mediano,,Cesta plástica (45-50 lb),cesta,47.5,NIO,550.0,550.0,,550.0,550.0,11.5789,36.747556,14.967,0.315093,https://www.bolsagro.com.ni/estadisticas/precios-nacionales/59-precios-agropecuarios.html,,2026-09-10T17:06:10,4f3f91e65fb9432c
Nicaragua,2026-09-07,Bolsagro,Mercado Mayoreo,Managua,mayorista,hortalizas,,Tomate pera,tomate pera,,,Pequeño,,Cesta plástica (45-50 lb),cesta,47.5,NIO,450.0,450.0,,450.0,450.0,9.4737,36.747556,12.2457,0.257805,https://www.bolsagro.com.ni/estadisticas/precios-nacionales/59-precios-agropecuarios.html,,2026-09-10T17:06:10,f08bb78a999e5f03
Nicaragua,2026-09-07,Bolsagro,Mercado Mayoreo,Managua,mayorista,hortalizas,,Yuca blanca,yuca blanca,,,Mediano,,Saco (100 lb),saco,100.0,NIO,800.0,800.0,,800.0,800.0,8.0,36.747556,21.7702,0.217702,https://www.bolsagro.com.ni/estadisticas/precios-nacionales/59-precios-agropecuarios.html,,2026-09-10T17:06:10,d229188770d3a180
Nicaragua,2026-09-07,Bolsagro,Mercado Mayoreo,Managua,mayorista,hortalizas,,Zanahoria,zanahoria,,,Grande,,Saco (80 lb),saco,80.0,NIO,900.0,900.0,,900.0,900.0,11.25,36.747556,24.4914,0.306143,https://www.bolsagro.com.ni/estadisticas/precios-nacionales/59-precios-agropecuarios.html,,2026-09-10T17:06:10,52568fb912adbbe1
Nicaragua,2026-09-07,Bolsagro,Mercado Oriental,Managua,minorista,huevos,Otros,Huevo blanco grande de gallina,huevo blanco grande de gallina,,,,,Cajilla de 30 und (3.75 lb),cajilla,3.75,NIO,200.0,200.0,,200.0,200.0,53.3333,36.747556,5.4425,1.451343,https://www.bolsagro.com.ni/estadisticas/precios-nacionales/59-precios-agropecuarios.html,,2026-09-10T17:06:10,5f8cf3e269cea30f
Nicaragua,2026-09-07,Bolsagro,Mercado Oriental,Managua,minorista,huevos,Otros,Huevo blanco mediano de gallina,huevo blanco mediano de gallina,,,,,Cajilla de 30 und (3.30 lb),cajilla,3.3,NIO,190.0,190.0,,190.0,190.0,57.5758,36.747556,5.1704,1.566793,https://www.bolsagro.com.ni/estadisticas/precios-nacionales/59-precios-agropecuarios.html,,2026-09-10T17:06:10,bfde0088f1cf3549
Nicaragua,2026-09-07,Bolsagro,Mercado Oriental,Managua,minorista,huevos,Otros,Huevo rojo grande de gallina,huevo rojo grande de gallina,,,,,Cajilla de 30 und (3.75 lb),cajilla,3.75,NIO,200.0,200.0,,200.0,200.0,53.3333,36.747556,5.4425,1.451343,https://www.bolsagro.com.ni/estadisticas/precios-nacionales/59-precios-agropecuarios.html,,2026-09-10T17:06:10,7ce67be3aa4ef725
Nicaragua,2026-09-07,Bolsagro,Mercado Oriental,Managua,minorista,huevos,Otros,Huevo rojo mediano de gallina,huevo rojo mediano de gallina,,,,,Cajilla de 30 und (3.30 lb),cajilla,3.3,NIO,190.0,190.0,,190.0,190.0,57.5758,36.747556,5.1704,1.566793,https://www.bolsagro.com.ni/estadisticas/precios-nacionales/59-precios-agropecuarios.html,,2026-09-10T17:06:10,442cb718183aa351
Nicaragua,2026-09-07,Bolsagro,Mercado Oriental,Managua,minorista,lacteos,Lácteos,Crema,crema,,,,,Libra,libra,1.0,NIO,60.0,60.0,,60.0,60.0,60.0,36.747556,1.6328,1.632762,https://www.bolsagro.com.ni/estadisticas/precios-nacionales/59-precios-agropecuarios.html,,2026-09-10T17:06:10,df85bc255f11a3d9
Nicaragua,2026-09-07,Bolsagro,Mercado Oriental,Managua,minorista,lacteos,Otros,Leche fluida pasteurizada,leche fluida pasteurizada,,,,,Litro (Cartón),litro,,NIO,57.0,57.0,,57.0,57.0,,36.747556,1.5511,,https://www.bolsagro.com.ni/estadisticas/precios-nacionales/59-precios-agropecuarios.html,,2026-09-10T17:06:10,50b3f3266ece2ccf
Nicaragua,2026-09-07,Bolsagro,Mercado Oriental,Managua,minorista,lacteos,Lácteos,Mantequilla,mantequilla,,,,,Libra,libra,1.0,NIO,60.0,60.0,,60.0,60.0,60.0,36.747556,1.6328,1.632762,https://www.bolsagro.com.ni/estadisticas/precios-nacionales/59-precios-agropecuarios.html,,2026-09-10T17:06:10,4f14d2a789643300
Nicaragua,2026-09-07,Bolsagro,Mercado Oriental,Managua,minorista,lacteos,Lácteos,Queso fresco,queso fresco,,,,,Libra,libra,1.0,NIO,65.0,65.0,,65.0,65.0,65.0,36.747556,1.7688,1.768825,https://www.bolsagro.com.ni/estadisticas/precios-nacionales/59-precios-agropecuarios.html,,2026-09-10T17:06:10,78cda4666af07e86
Nicaragua,2026-09-07,Bolsagro,Mercado Oriental,Managua,minorista,lacteos,Lácteos,Queso seco,queso seco,,,,,Libra,libra,1.0,NIO,70.0,70.0,,70.0,70.0,70.0,36.747556,1.9049,1.904889,https://www.bolsagro.com.ni/estadisticas/precios-nacionales/59-precios-agropecuarios.html,,2026-09-10T17:06:10,9398b6b7ff7a4120
Nicaragua,2026-09-07,Bolsagro,Mercado Oriental,Managua,minorista,pesca,Mariscos,Camarón,camaron,,,,,Libra,libra,1.0,NIO,230.0,230.0,,230.0,230.0,230.0,36.747556,6.2589,6.25892,https://www.bolsagro.com.ni/estadisticas/precios-nacionales/59-precios-agropecuarios.html,,2026-09-10T17:06:10,e7c0190a9be2102f
Nicaragua,2026-09-07,Bolsagro,Mercado Oriental,Managua,minorista,pesca,Mariscos,Filete de Corvina,filete de corvina,,,,,Libra,libra,1.0,NIO,140.0,140.0,,140.0,140.0,140.0,36.747556,3.8098,3.809777,https://www.bolsagro.com.ni/estadisticas/precios-nacionales/59-precios-agropecuarios.html,,2026-09-10T17:06:10,97613759f54f4b29
Nicaragua,2026-09-07,Bolsagro,Mercado Oriental,Managua,minorista,pesca,Mariscos,Filete de Dorado,filete de dorado,,,,,Libra,libra,1.0,NIO,150.0,150.0,,150.0,150.0,150.0,36.747556,4.0819,4.081904,https://www.bolsagro.com.ni/estadisticas/precios-nacionales/59-precios-agropecuarios.html,,2026-09-10T17:06:10,ec613396da4a56d0
Nicaragua,2026-09-07,Bolsagro,Mercado Oriental,Managua,minorista,pesca,Mariscos,Filete de Robalo,filete de robalo,,,,,Libra,libra,1.0,NIO,110.0,110.0,,110.0,110.0,110.0,36.747556,2.9934,2.993396,https://www.bolsagro.com.ni/estadisticas/precios-nacionales/59-precios-agropecuarios.html,,2026-09-10T17:06:10,bb323a4e1d5c37c1
Nicaragua,2026-09-07,Bolsagro,Mercado Oriental,Managua,minorista,pesca,Mariscos,Filete de Roncador,filete de roncador,,,,,Libra,libra,1.0,NIO,110.0,110.0,,110.0,110.0,110.0,36.747556,2.9934,2.993396,https://www.bolsagro.com.ni/estadisticas/precios-nacionales/59-precios-agropecuarios.html,,2026-09-10T17:06:10,0b07cb506fbac52b
Nicaragua,2026-09-07,Bolsagro,Mercado Oriental,Managua,minorista,pesca,Mariscos,Filete de tiburón,filete de tiburon,,,,,Libra,libra,1.0,NIO,110.0,110.0,,110.0,110.0,110.0,36.747556,2.9934,2.993396,https://www.bolsagro.com.ni/estadisticas/precios-nacionales/59-precios-agropecuarios.html,,2026-09-10T17:06:10,c128083fec6e0171
Nicaragua,2026-09-07,Bolsagro,Mercado Oriental,Managua,minorista,pesca,Mariscos,Pescado Corvina,pescado corvina,,,,,Libra,libra,1.0,NIO,100.0,100.0,,100.0,100.0,100.0,36.747556,2.7213,2.721269,https://www.bolsagro.com.ni/estadisticas/precios-nacionales/59-precios-agropecuarios.html,,2026-09-10T17:06:10,1cd40778764e6701
Nicaragua,2026-09-07,Bolsagro,Mercado Oriental,Managua,minorista,pesca,Mariscos,Pescado Macarela,pescado macarela,,,,,Libra,libra,1.0,NIO,100.0,100.0,,100.0,100.0,100.0,36.747556,2.7213,2.721269,https://www.bolsagro.com.ni/estadisticas/precios-nacionales/59-precios-agropecuarios.html,,2026-09-10T17:06:10,016aa1c50f6d8db5
Nicaragua,2026-09-07,Bolsagro,Mercado Oriental,Managua,minorista,pesca,Mariscos,Pescado Pargo,pescado pargo,,,,,Libra,libra,1.0,NIO,140.0,140.0,,140.0,140.0,140.0,36.747556,3.8098,3.809777,https://www.bolsagro.com.ni/estadisticas/precios-nacionales/59-precios-agropecuarios.html,,2026-09-10T17:06:10,8c45f93e7c66bb45
Nicaragua,2026-09-16,Bolsagro,Mercado Oriental,Managua,minorista,abarrotes,Otros,Aceite vegetal,aceite vegetal,,,,,"Envase plástico,( 1 litro)",litro,,NIO,88.0,88.0,,88.0,88.0,,36.896412,2.3851,,https://www.bolsagro.com.ni/estadisticas/precios-nacionales/59-precios-agropecuarios.html,,2026-09-21T08:25:41,b2bef0446ed475cb
Nicaragua,2026-09-16,Bolsagro,Mercado Oriental,Managua,minorista,abarrotes,Otros,Azúcar,azucar,,,,,Libra,libra,1.0,NIO,16.0,16.0,,16.0,16.0,16.0,36.896412,0.4336,0.433647,https://www.bolsagro.com.ni/estadisticas/precios-nacionales/59-precios-agropecuarios.html,,2026-09-21T08:25:41,30199fff77798fb7
Nicaragua,2026-09-16,Bolsagro,Mercado Oriental,Managua,minorista,carnes,Carnes,"Cerdo, costilla","cerdo, costilla",,,,,Libra,libra,1.0,NIO,95.0,95.0,,95.0,95.0,95.0,36.896412,2.5748,2.574776,https://www.bolsagro.com.ni/estadisticas/precios-nacionales/59-precios-agropecuarios.html,,2026-09-21T08:25:41,934fb503dae92d20
Nicaragua,2026-09-16,Bolsagro,Mercado Oriental,Managua,minorista,carnes,Carnes,"Cerdo, posta","cerdo, posta",,,,,Libra,libra,1.0,NIO,95.0,95.0,,95.0,95.0,95.0,36.896412,2.5748,2.574776,https://www.bolsagro.com.ni/estadisticas/precios-nacionales/59-precios-agropecuarios.html,,2026-09-21T08:25:41,e4d15a76291210c9
Nicaragua,2026-09-16,Bolsagro,Mercado Oriental,Managua,minorista,carnes,Carnes,Muslos de pollo,muslos de pollo,,,,,Libra,libra,1.0,NIO,46.0,46.0,,46.0,46.0,46.0,36.896412,1.2467,1.246734,https://www.bolsagro.com.ni/estadisticas/precios-nacionales/59-precios-agropecuarios.html,,2026-09-21T08:25:41,37ccee9638f0f1c8
Nicaragua,2026-09-16,Bolsagro,Mercado Oriental,Managua,minorista,carnes,Carnes,Pechuga de pollo sin alas,pechuga de pollo sin alas,,,,,Libra,libra,1.0,NIO,67.0,67.0,,67.0,67.0,67.0,36.896412,1.8159,1.815895,https://www.bolsagro.com.ni/estadisticas/precios-nacionales/59-precios-agropecuarios.html,,2026-09-21T08:25:41,99bc9939833f8d10
Nicaragua,2026-09-16,Bolsagro,Mercado Oriental,Managua,minorista,carnes,Carnes,Pierna entera de pollo,pierna entera de pollo,,,,,Libra,libra,1.0,NIO,52.0,52.0,,52.0,52.0,52.0,36.896412,1.4094,1.409351,https://www.bolsagro.com.ni/estadisticas/precios-nacionales/59-precios-agropecuarios.html,,2026-09-21T08:25:41,d0723a67cb83bbbb
Nicaragua,2026-09-16,Bolsagro,Mercado Oriental,Managua,minorista,carnes,Carnes,Pollo entero con menudos,pollo entero con menudos,,,,,Libra,libra,1.0,NIO,50.0,50.0,,50.0,50.0,50.0,36.896412,1.3551,1.355145,https://www.bolsagro.com.ni/estadisticas/precios-nacionales/59-precios-agropecuarios.html,,2026-09-21T08:25:41,1caed9ce54064f56
Nicaragua,2026-09-16,Bolsagro,Mercado Oriental,Managua,minorista,carnes,Carnes,Pollo entero sin menudos,pollo entero sin menudos,,,,,Libra,libra,1.0,NIO,50.0,50.0,,50.0,50.0,50.0,36.896412,1.3551,1.355145,https://www.bolsagro.com.ni/estadisticas/precios-nacionales/59-precios-agropecuarios.html,,2026-09-21T08:25:41,b0f3bef3a65e541c
Nicaragua,2026-09-16,Bolsagro,Mercado Oriental,Managua,minorista,carnes,Carnes,Posta de res,posta de res,,,,,Libra,libra,1.0,NIO,130.0,130.0,,130.0,130.0,130.0,36.896412,3.5234,3.523378,https://www.bolsagro.com.ni/estadisticas/precios-nacionales/59-precios-agropecuarios.html,,2026-09-21T08:25:41,66ab9287365fa2cd
Nicaragua,2026-09-16,Bolsagro,Mercado Mayoreo,Managua,mayorista,frutas,,Aguacate,aguacate,,,Mediano,,Cien und (68 lb),cien,68.0,NIO,3100.0,3100.0,,3100.0,3100.0,45.5882,36.896412,84.019,1.235573,https://www.bolsagro.com.ni/estadisticas/precios-nacionales/59-precios-agropecuarios.html,,2026-09-21T08:25:41,36dd76f10760bc54
Nicaragua,2026-09-16,Bolsagro,Mercado Mayoreo,Managua,mayorista,frutas,,Aguacate,aguacate,,,Pequeño,,Cien und (50 lb),cien,50.0,NIO,2600.0,2600.0,,2600.0,2600.0,52.0,36.896412,70.4676,1.409351,https://www.bolsagro.com.ni/estadisticas/precios-nacionales/59-precios-agropecuarios.html,,2026-09-21T08:25:41,3fab2e805059470e
Nicaragua,2026-09-16,Bolsagro,Mercado Mayoreo,Managua,mayorista,frutas,,Banano maduro,banano maduro,,,Mediano,,Canasto 250 und (62-64 lb),canasto,63.0,NIO,270.0,270.0,,270.0,270.0,4.2857,36.896412,7.3178,0.116155,https://www.bolsagro.com.ni/estadisticas/precios-nacionales/59-precios-agropecuarios.html,,2026-09-21T08:25:41,c9af986dda5ad9a5
Nicaragua,2026-09-16,Bolsagro,Mercado Mayoreo,Managua,mayorista,frutas,,Banano verde,banano verde,,,Grande,,Cien und (50 lb),cien,50.0,NIO,300.0,300.0,,300.0,300.0,6.0,36.896412,8.1309,0.162617,https://www.bolsagro.com.ni/estadisticas/precios-nacionales/59-precios-agropecuarios.html,,2026-09-21T08:25:41,b829290cf47d6dbd
Nicaragua,2026-09-16,Bolsagro,Mercado Mayoreo,Managua,mayorista,frutas,,Coco seco,coco seco,,,Grande,,Cien und (180 lb),cien,180.0,NIO,2800.0,2800.0,,2800.0,2800.0,15.5556,36.896412,75.8881,0.421602,https://www.bolsagro.com.ni/estadisticas/precios-nacionales/59-precios-agropecuarios.html,,2026-09-21T08:25:41,0a82e590ae391398
Nicaragua,2026-09-16,Bolsagro,Mercado Mayoreo,Managua,mayorista,frutas,,Coco seco,coco seco,,,Mediano,,Cien und (160 lb),cien,160.0,NIO,2600.0,2600.0,,2600.0,2600.0,16.25,36.896412,70.4676,0.440422,https://www.bolsagro.com.ni/estadisticas/precios-nacionales/59-precios-agropecuarios.html,,2026-09-21T08:25:41,52c20c8dad7d0e6e
Nicaragua,2026-09-16,Bolsagro,Mercado Mayoreo,Managua,mayorista,frutas,,Limón Persa,limon persa,,,Mediano,,Cien und (20-25 lb),cien,22.5,NIO,420.0,420.0,,420.0,420.0,18.6667,36.896412,11.3832,0.505922,https://www.bolsagro.com.ni/estadisticas/precios-nacionales/59-precios-agropecuarios.html,,2026-09-21T08:25:41,2727d5e5e8ce10f9
Nicaragua,2026-09-16,Bolsagro,Mercado Mayoreo,Managua,mayorista,frutas,,Limón indio,limon indio,,,Mediano,,Cien und (10 lb),cien,10.0,NIO,320.0,320.0,,320.0,320.0,32.0,36.896412,8.6729,0.867293,https://www.bolsagro.com.ni/estadisticas/precios-nacionales/59-precios-agropecuarios.html,,2026-09-21T08:25:41,9babc34094116724
Nicaragua,2026-09-16,Bolsagro,Mercado Mayoreo,Managua,mayorista,frutas,,Limón indio,limon indio,,,Pequeño,,Cien und (7 lb),cien,7.0,NIO,250.0,250.0,,250.0,250.0,35.7143,36.896412,6.7757,0.967961,https://www.bolsagro.com.ni/estadisticas/precios-nacionales/59-precios-agropecuarios.html,,2026-09-21T08:25:41,30e6beb7e4fa03d1
Nicaragua,2026-09-16,Bolsagro,Mercado Mayoreo,Managua,mayorista,frutas,,Maracuyá,maracuya,,,Mediano,,Cien und (25 lb),cien,25.0,NIO,720.0,720.0,,720.0,720.0,28.8,36.896412,19.5141,0.780564,https://www.bolsagro.com.ni/estadisticas/precios-nacionales/59-precios-agropecuarios.html,,2026-09-21T08:25:41,fd07fd7acbfd8cb9
Nicaragua,2026-09-16,Bolsagro,Mercado Mayoreo,Managua,mayorista,frutas,,Maracuyá,maracuya,,,Pequeño,,Cien und (20 lb),cien,20.0,NIO,600.0,600.0,,600.0,600.0,30.0,36.896412,16.2617,0.813087,https://www.bolsagro.com.ni/estadisticas/precios-nacionales/59-precios-agropecuarios.html,,2026-09-21T08:25:41,d4c0f7e51d00a2ac
Nicaragua,2026-09-16,Bolsagro,Mercado Mayoreo,Managua,mayorista,frutas,,Melón Cantaloupe,melon cantaloupe,,,Mediano,,Cien und (250 lb),cien,250.0,NIO,3500.0,3500.0,,3500.0,3500.0,14.0,36.896412,94.8602,0.379441,https://www.bolsagro.com.ni/estadisticas/precios-nacionales/59-precios-agropecuarios.html,,2026-09-21T08:25:41,188e606462ddd912
Nicaragua,2026-09-16,Bolsagro,Mercado Mayoreo,Managua,mayorista,frutas,,Naranja Valencia,naranja valencia,,,Grande,,Cien und (95-105 lb),cien,100.0,NIO,600.0,600.0,,600.0,600.0,6.0,36.896412,16.2617,0.162617,https://www.bolsagro.com.ni/estadisticas/precios-nacionales/59-precios-agropecuarios.html,,2026-09-21T08:25:41,bd112e518d1e4fb2
Nicaragua,2026-09-16,Bolsagro,Mercado Mayoreo,Managua,mayorista,frutas,,Naranja Valencia,naranja valencia,,,Mediano,,Cien und (65-75 lb),cien,70.0,NIO,600.0,600.0,,600.0,600.0,8.5714,36.896412,16.2617,0.23231,https://www.bolsagro.com.ni/estadisticas/precios-nacionales/59-precios-agropecuarios.html,,2026-09-21T08:25:41,9a9193821562c4cf
Nicaragua,2026-09-16,Bolsagro,Mercado Mayoreo,Managua,mayorista,frutas,,Naranja Valencia,naranja valencia,,,Pequeño,,Cien und (35-45 lb),cien,40.0,NIO,250.0,250.0,,250.0,250.0,6.25,36.896412,6.7757,0.169393,https://www.bolsagro.com.ni/estadisticas/precios-nacionales/59-precios-agropecuarios.html,,2026-09-21T08:25:41,876e30f5733f6f49
Nicaragua,2026-09-16,Bolsagro,Mercado Mayoreo,Managua,mayorista,frutas,,Naranja agria,naranja agria,,,Mediano,,Cien und (45-50 lb),cien,47.5,NIO,800.0,800.0,,800.0,800.0,16.8421,36.896412,21.6823,0.45647,https://www.bolsagro.com.ni/estadisticas/precios-nacionales/59-precios-agropecuarios.html,,2026-09-21T08:25:41,61193b2eb127cda6
Nicaragua,2026-09-16,Bolsagro,Mercado Mayoreo,Managua,mayorista,frutas,,Naranja agria,naranja agria,,,Pequeño,,Cien und (30-35 lb),cien,32.5,NIO,700.0,700.0,,700.0,700.0,21.5385,36.896412,18.972,0.583756,https://www.bolsagro.com.ni/estadisticas/precios-nacionales/59-precios-agropecuarios.html,,2026-09-21T08:25:41,07158c6504665940
Nicaragua,2026-09-16,Bolsagro,Mercado Mayoreo,Managua,mayorista,frutas,,Papaya,papaya,,,Grande,,Docena (144-192 lb),docena,168.0,NIO,350.0,350.0,,350.0,350.0,2.0833,36.896412,9.486,0.056463,https://www.bolsagro.com.ni/estadisticas/precios-nacionales/59-precios-agropecuarios.html,,2026-09-21T08:25:41,153f5b577f00b485
Nicaragua,2026-09-16,Bolsagro,Mercado Mayoreo,Managua,mayorista,frutas,,Papaya,papaya,,,Mediano,,Docena (96-120 lb),docena,108.0,NIO,300.0,300.0,,300.0,300.0,2.7778,36.896412,8.1309,0.075286,https://www.bolsagro.com.ni/estadisticas/precios-nacionales/59-precios-agropecuarios.html,,2026-09-21T08:25:41,bfd5cb394e4c18e5
Nicaragua,2026-09-16,Bolsagro,Mercado Mayoreo,Managua,mayorista,frutas,,Piña ácida,pina acida,,,Grande,,Docena (72 lb),docena,72.0,NIO,300.0,300.0,,300.0,300.0,4.1667,36.896412,8.1309,0.11293,https://www.bolsagro.com.ni/estadisticas/precios-nacionales/59-precios-agropecuarios.html,,2026-09-21T08:25:41,57959d5d5686cc32
Nicaragua,2026-09-16,Bolsagro,Mercado Mayoreo,Managua,mayorista,frutas,,Piña ácida,pina acida,,,Mediano,,Docena (48 lb),docena,48.0,NIO,260.0,260.0,,260.0,260.0,5.4167,36.896412,7.0468,0.146808,https://www.bolsagro.com.ni/estadisticas/precios-nacionales/59-precios-agropecuarios.html,,2026-09-21T08:25:41,d0e242a1de752c68
Nicaragua,2026-09-16,Bolsagro,Mercado Mayoreo,Managua,mayorista,frutas,,Piña ácida,pina acida,,,Pequeño,,Docena (30-36 lb),docena,33.0,NIO,230.0,230.0,,230.0,230.0,6.9697,36.896412,6.2337,0.188899,https://www.bolsagro.com.ni/estadisticas/precios-nacionales/59-precios-agropecuarios.html,,2026-09-21T08:25:41,2d50420087978495
Nicaragua,2026-09-16,Bolsagro,Mercado Mayoreo,Managua,mayorista,frutas,,Plátano maduro,platano maduro,,,Grande,,Cien und (80-90 lb),cien,85.0,NIO,960.0,960.0,,960.0,960.0,11.2941,36.896412,26.0188,0.306103,https://www.bolsagro.com.ni/estadisticas/precios-nacionales/59-precios-agropecuarios.html,,2026-09-21T08:25:41,ad2d71784a5e5768
Nicaragua,2026-09-16,Bolsagro,Mercado Mayoreo,Managua,mayorista,frutas,,Plátano maduro,platano maduro,,,Mediano,,Cien und (50 lb),cien,50.0,NIO,750.0,750.0,,750.0,750.0,15.0,36.896412,20.3272,0.406544,https://www.bolsagro.com.ni/estadisticas/precios-nacionales/59-precios-agropecuarios.html,,2026-09-21T08:25:41,c66be0c278926a14
Nicaragua,2026-09-16,Bolsagro,Mercado Mayoreo,Managua,mayorista,frutas,,Plátano maduro,platano maduro,,,Pequeño,,Cien und (25-30 lb),cien,27.5,NIO,600.0,600.0,,600.0,600.0,21.8182,36.896412,16.2617,0.591337,https://www.bolsagro.com.ni/estadisticas/precios-nacionales/59-precios-agropecuarios.html,,2026-09-21T08:25:41,15c9a89290a459f6
Nicaragua,2026-09-16,Bolsagro,Mercado Mayoreo,Managua,mayorista,frutas,,Plátano verde,platano verde,,,Grande,,Cien und (80-90 lb),cien,85.0,NIO,960.0,960.0,,960.0,960.0,11.2941,36.896412,26.0188,0.306103,https://www.bolsagro.com.ni/estadisticas/precios-nacionales/59-precios-agropecuarios.html,,2026-09-21T08:25:41,812c3f2bc0b628c8
Nicaragua,2026-09-16,Bolsagro,Mercado Mayoreo,Managua,mayorista,frutas,,Plátano verde,platano verde,,,Mediano,,Cien und (50 lb),cien,50.0,NIO,750.0,750.0,,750.0,750.0,15.0,36.896412,20.3272,0.406544,https://www.bolsagro.com.ni/estadisticas/precios-nacionales/59-precios-agropecuarios.html,,2026-09-21T08:25:41,2540e47cf38ecfe4
Nicaragua,2026-09-16,Bolsagro,Mercado Mayoreo,Managua,mayorista,frutas,,Plátano verde,platano verde,,,Pequeño,,Cien und (25-30 lb),cien,27.5,NIO,600.0,600.0,,600.0,600.0,21.8182,36.896412,16.2617,0.591337,https://www.bolsagro.com.ni/estadisticas/precios-nacionales/59-precios-agropecuarios.html,,2026-09-21T08:25:41,27467aa417727019
Nicaragua,2026-09-16,Bolsagro,Mercado Mayoreo,Managua,mayorista,frutas,,Sandía Mickey Lee,sandia mickey lee,,,Grande,,Docena (180 lb),docena,180.0,NIO,500.0,500.0,,500.0,500.0,2.7778,36.896412,13.5515,0.075286,https://www.bolsagro.com.ni/estadisticas/precios-nacionales/59-precios-agropecuarios.html,,2026-09-21T08:25:41,03909c85d2a3e3a0
Nicaragua,2026-09-16,Bolsagro,Mercado Mayoreo,Managua,mayorista,frutas,,Sandía Mickey Lee,sandia mickey lee,,,Mediano,,Docena (108-132 lb),docena,120.0,NIO,650.0,650.0,,650.0,650.0,5.4167,36.896412,17.6169,0.146808,https://www.bolsagro.com.ni/estadisticas/precios-nacionales/59-precios-agropecuarios.html,,2026-09-21T08:25:41,964a80d7c0c42038
Nicaragua,2026-09-16,Bolsagro,Mercado Mayoreo,Managua,mayorista,frutas,,Sandía Mickey Lee,sandia mickey lee,,,Pequeño,,Docena (48-72 lb),docena,60.0,NIO,400.0,400.0,,400.0,400.0,6.6667,36.896412,10.8412,0.180687,https://www.bolsagro.com.ni/estadisticas/precios-nacionales/59-precios-agropecuarios.html,,2026-09-21T08:25:41,da1f095c917e6b39
Nicaragua,2026-09-16,Bolsagro,Mercado Mayoreo,Managua,mayorista,frutas,,Tamarindo sin cáscara,tamarindo sin cascara,,,Mediano,,Quintal (100 lb),quintal,100.0,NIO,5600.0,5600.0,,5600.0,5600.0,56.0,36.896412,151.7763,1.517763,https://www.bolsagro.com.ni/estadisticas/precios-nacionales/59-precios-agropecuarios.html,,2026-09-21T08:25:41,966e549c03b38570
Nicaragua,2026-09-16,Bolsagro,Mercado Oriental,Managua,mayorista,granos,,Arroz (70/30),arroz (70/30),,,,,Quintal (100 lb),quintal,100.0,NIO,1850.0,1850.0,,1850.0,1850.0,18.5,36.896412,50.1404,0.501404,https://www.bolsagro.com.ni/estadisticas/precios-nacionales/59-precios-agropecuarios.html,,2026-09-21T08:25:41,979d972332aff756
Nicaragua,2026-09-16,Bolsagro,Mercado Oriental,Managua,minorista,granos,,Arroz (70/30),arroz (70/30),,,,,Libra,libra,1.0,NIO,20.0,20.0,,20.0,20.0,20.0,36.896412,0.5421,0.542058,https://www.bolsagro.com.ni/estadisticas/precios-nacionales/59-precios-agropecuarios.html,,2026-09-21T08:25:41,5f62ac0b108f0eff
Nicaragua,2026-09-16,Bolsagro,Mercado Oriental,Managua,mayorista,granos,,Arroz (80/20),arroz (80/20),,,,,Quintal (100 lb),quintal,100.0,NIO,2100.0,2100.0,,2100.0,2100.0,21.0,36.896412,56.9161,0.569161,https://www.bolsagro.com.ni/estadisticas/precios-nacionales/59-precios-agropecuarios.html,,2026-09-21T08:25:41,6e02833dea419d5e
Nicaragua,2026-09-16,Bolsagro,Mercado Oriental,Managua,minorista,granos,,Arroz (80/20),arroz (80/20),,,,,Libra,libra,1.0,NIO,22.0,22.0,,22.0,22.0,22.0,36.896412,0.5963,0.596264,https://www.bolsagro.com.ni/estadisticas/precios-nacionales/59-precios-agropecuarios.html,,2026-09-21T08:25:41,d1b62a2c64741597
Nicaragua,2026-09-16,Bolsagro,Mercado Oriental,Managua,mayorista,granos,,Arroz (96/4),arroz (96/4),,,,,Quintal (100 lb),quintal,100.0,NIO,2360.0,2360.0,,2360.0,2360.0,23.6,36.896412,63.9629,0.639629,https://www.bolsagro.com.ni/estadisticas/precios-nacionales/59-precios-agropecuarios.html,,2026-09-21T08:25:41,7fe8dd95314412cd
Nicaragua,2026-09-16,Bolsagro,Mercado Oriental,Managua,minorista,granos,,Arroz (96/4),arroz (96/4),,,,,Libra,libra,1.0,NIO,25.0,25.0,,25.0,25.0,25.0,36.896412,0.6776,0.677573,https://www.bolsagro.com.ni/estadisticas/precios-nacionales/59-precios-agropecuarios.html,,2026-09-21T08:25:41,6020a9fbeb8bf175
Nicaragua,2026-09-16,Bolsagro,Mercado Oriental,Managua,mayorista,granos,,Arroz puntilla,arroz puntilla,,,,,Quintal (100 lb),quintal,100.0,NIO,850.0,850.0,,850.0,850.0,8.5,36.896412,23.0375,0.230375,https://www.bolsagro.com.ni/estadisticas/precios-nacionales/59-precios-agropecuarios.html,,2026-09-21T08:25:41,acda3af78625d0f7
Nicaragua,2026-09-16,Bolsagro,Mercado Oriental,Managua,mayorista,granos,,Cacao,cacao,,,,,Quintal (100 lb),quintal,100.0,NIO,7600.0,7600.0,,7600.0,7600.0,76.0,36.896412,205.9821,2.059821,https://www.bolsagro.com.ni/estadisticas/precios-nacionales/59-precios-agropecuarios.html,,2026-09-21T08:25:41,3fe87b4f4d90056c
Nicaragua,2026-09-16,Bolsagro,Mercado Oriental,Managua,mayorista,granos,,Frijol rojo,frijol rojo,,,,,Quintal (100 lb),quintal,100.0,NIO,3000.0,3000.0,,3000.0,3000.0,30.0,36.896412,81.3087,0.813087,https://www.bolsagro.com.ni/estadisticas/precios-nacionales/59-precios-agropecuarios.html,,2026-09-21T08:25:41,801ef64ef7847b86
Nicaragua,2026-09-16,Bolsagro,Mercado Oriental,Managua,minorista,granos,,Frijol rojo,frijol rojo,,,,,Libra,libra,1.0,NIO,32.0,32.0,,32.0,32.0,32.0,36.896412,0.8673,0.867293,https://www.bolsagro.com.ni/estadisticas/precios-nacionales/59-precios-agropecuarios.html,,2026-09-21T08:25:41,1ccf62d2222d41ce
Nicaragua,2026-09-16,Bolsagro,Mercado Oriental,Managua,mayorista,granos,,Frijol tinto,frijol tinto,,,,,Quintal (100 lb),quintal,100.0,NIO,3000.0,3000.0,,3000.0,3000.0,30.0,36.896412,81.3087,0.813087,https://www.bolsagro.com.ni/estadisticas/precios-nacionales/59-precios-agropecuarios.html,,2026-09-21T08:25:41,fa4e16f7a49227aa
Nicaragua,2026-09-16,Bolsagro,Mercado Oriental,Managua,minorista,granos,,Frijol tinto,frijol tinto,,,,,Libra,libra,1.0,NIO,32.0,32.0,,32.0,32.0,32.0,36.896412,0.8673,0.867293,https://www.bolsagro.com.ni/estadisticas/precios-nacionales/59-precios-agropecuarios.html,,2026-09-21T08:25:41,acd049c39f63d62e
Nicaragua,2026-09-16,Bolsagro,Mercado Oriental,Managua,mayorista,granos,,Maíz blanco,maiz blanco,,,,,Quintal (100 lb),quintal,100.0,NIO,1250.0,1250.0,,1250.0,1250.0,12.5,36.896412,33.8786,0.338786,https://www.bolsagro.com.ni/estadisticas/precios-nacionales/59-precios-agropecuarios.html,,2026-09-21T08:25:41,19506e353f6094ac
Nicaragua,2026-09-16,Bolsagro,Mercado Oriental,Managua,minorista,granos,,Maíz blanco,maiz blanco,,,,,Libra,libra,1.0,NIO,14.0,14.0,,14.0,14.0,14.0,36.896412,0.3794,0.379441,https://www.bolsagro.com.ni/estadisticas/precios-nacionales/59-precios-agropecuarios.html,,2026-09-21T08:25:41,d7866cbc8f6f1e0d
Nicaragua,2026-09-16,Bolsagro,Mercado Oriental,Managua,mayorista,granos,,Semilla jícaro,semilla jicaro,,,,,Quintal (100 lb),quintal,100.0,NIO,4300.0,4300.0,,4300.0,4300.0,43.0,36.896412,116.5425,1.165425,https://www.bolsagro.com.ni/estadisticas/precios-nacionales/59-precios-agropecuarios.html,,2026-09-21T08:25:41,0d86026bf6db5dab
Nicaragua,2026-09-16,Bolsagro,Mercado Oriental,Managua,mayorista,granos,,Sorgo blanco,sorgo blanco,,,,,Quintal (100 lb),quintal,100.0,NIO,1200.0,1200.0,,1200.0,1200.0,12.0,36.896412,32.5235,0.325235,https://www.bolsagro.com.ni/estadisticas/precios-nacionales/59-precios-agropecuarios.html,,2026-09-21T08:25:41,44c0e0020f479250
Nicaragua,2026-09-16,Bolsagro,Mercado Oriental,Managua,minorista,granos,,Sorgo blanco,sorgo blanco,,,,,Libra,libra,1.0,NIO,15.0,15.0,,15.0,15.0,15.0,36.896412,0.4065,0.406544,https://www.bolsagro.com.ni/estadisticas/precios-nacionales/59-precios-agropecuarios.html,,2026-09-21T08:25:41,ec18f6ef2eef0ad0
Nicaragua,2026-09-16,Bolsagro,Mercado Oriental,Managua,mayorista,granos,,Sorgo rojo,sorgo rojo,,,,,Quintal (100 lb),quintal,100.0,NIO,1400.0,1400.0,,1400.0,1400.0,14.0,36.896412,37.9441,0.379441,https://www.bolsagro.com.ni/estadisticas/precios-nacionales/59-precios-agropecuarios.html,,2026-09-21T08:25:41,835d00a2d1bc55f6
Nicaragua,2026-09-16,Bolsagro,Mercado Oriental,Managua,mayorista,granos,,Soya,soya,,,,,Quintal (100 lb),quintal,100.0,NIO,4600.0,4600.0,,4600.0,4600.0,46.0,36.896412,124.6734,1.246734,https://www.bolsagro.com.ni/estadisticas/precios-nacionales/59-precios-agropecuarios.html,,2026-09-21T08:25:41,3cca8360485b7501
Nicaragua,2026-09-16,Bolsagro,Mercado Mayoreo,Managua,mayorista,hortalizas,,"Ajo blanco, CAT 1","ajo blanco, cat 1",,,Calibre 50 mm,,Caja (10 kg),caja,22.0462,NIO,1100.0,1100.0,,1100.0,1100.0,49.8952,36.896412,29.8132,1.352305,https://www.bolsagro.com.ni/estadisticas/precios-nacionales/59-precios-agropecuarios.html,,2026-09-21T08:25:41,ad6e3d9469e7caf9
Nicaragua,2026-09-16,Bolsagro,Mercado Mayoreo,Managua,mayorista,hortalizas,,"Ajo blanco, CAT 1","ajo blanco, cat 1",,,Calibre 50 mm,,Caja (5kg),caja,11.0231,NIO,550.0,550.0,,550.0,550.0,49.8952,36.896412,14.9066,1.352305,https://www.bolsagro.com.ni/estadisticas/precios-nacionales/59-precios-agropecuarios.html,,2026-09-21T08:25:41,25fec539ae22b9b0
Nicaragua,2026-09-16,Bolsagro,Mercado Mayoreo,Managua,mayorista,hortalizas,,Apio,apio,,,Mediano,,Saco 30 mazos (80-90 lb),saco,85.0,NIO,1900.0,1900.0,,1900.0,1900.0,22.3529,36.896412,51.4955,0.605829,https://www.bolsagro.com.ni/estadisticas/precios-nacionales/59-precios-agropecuarios.html,,2026-09-21T08:25:41,d4b643916f206506
Nicaragua,2026-09-16,Bolsagro,Mercado Mayoreo,Managua,mayorista,hortalizas,,Ayote maduro,ayote maduro,,,Grande,,Docena (180 lb),docena,180.0,NIO,700.0,700.0,,700.0,700.0,3.8889,36.896412,18.972,0.1054,https://www.bolsagro.com.ni/estadisticas/precios-nacionales/59-precios-agropecuarios.html,,2026-09-21T08:25:41,8ab70db9a73956bd
Nicaragua,2026-09-16,Bolsagro,Mercado Mayoreo,Managua,mayorista,hortalizas,,Ayote maduro,ayote maduro,,,Mediano,,Docena (120 lb),docena,120.0,NIO,400.0,400.0,,400.0,400.0,3.3333,36.896412,10.8412,0.090342,https://www.bolsagro.com.ni/estadisticas/precios-nacionales/59-precios-agropecuarios.html,,2026-09-21T08:25:41,98df31073d272df3
Nicaragua,2026-09-16,Bolsagro,Mercado Mayoreo,Managua,mayorista,hortalizas,,Ayote tierno,ayote tierno,,,Pequeño,,Docena (60 lb),docena,60.0,NIO,240.0,240.0,,240.0,240.0,4.0,36.896412,6.5047,0.108412,https://www.bolsagro.com.ni/estadisticas/precios-nacionales/59-precios-agropecuarios.html,,2026-09-21T08:25:41,bd1b0dca32c25971
Nicaragua,2026-09-16,Bolsagro,Mercado Mayoreo,Managua,mayorista,hortalizas,,Brócoli,brocoli,,,Pequeño,,Docena (12 lb),docena,12.0,NIO,550.0,550.0,,550.0,550.0,45.8333,36.896412,14.9066,1.242216,https://www.bolsagro.com.ni/estadisticas/precios-nacionales/59-precios-agropecuarios.html,,2026-09-21T08:25:41,74015fa0e20214c0
Nicaragua,2026-09-16,Bolsagro,Mercado Mayoreo,Managua,mayorista,hortalizas,,Cebolla amarilla seca,cebolla amarilla seca,,,Mediano,,Saco (50 lb),saco,50.0,NIO,800.0,800.0,,800.0,800.0,16.0,36.896412,21.6823,0.433647,https://www.bolsagro.com.ni/estadisticas/precios-nacionales/59-precios-agropecuarios.html,,2026-09-21T08:25:41,6f54230ddd94425d
Nicaragua,2026-09-16,Bolsagro,Mercado Mayoreo,Managua,mayorista,hortalizas,,Cebolla amarilla seca,cebolla amarilla seca,,,Pequeño,,Saco (50 lb),saco,50.0,NIO,700.0,700.0,,700.0,700.0,14.0,36.896412,18.972,0.379441,https://www.bolsagro.com.ni/estadisticas/precios-nacionales/59-precios-agropecuarios.html,,2026-09-21T08:25:41,dbf3e59fac1ecef9
Nicaragua,2026-09-16,Bolsagro,Mercado Mayoreo,Managua,mayorista,hortalizas,,Chayote verde oscuro,chayote verde oscuro,,,Grande,,Saco de 200 und (150 lb),saco,150.0,NIO,900.0,900.0,,900.0,900.0,6.0,36.896412,24.3926,0.162617,https://www.bolsagro.com.ni/estadisticas/precios-nacionales/59-precios-agropecuarios.html,,2026-09-21T08:25:41,c659a0a4cca6e4b9
Nicaragua,2026-09-16,Bolsagro,Mercado Mayoreo,Managua,mayorista,hortalizas,,Chile Jalapeño,chile jalapeno,,,Mediano,,Quintal (100 lb),quintal,100.0,NIO,650.0,650.0,,650.0,650.0,6.5,36.896412,17.6169,0.176169,https://www.bolsagro.com.ni/estadisticas/precios-nacionales/59-precios-agropecuarios.html,,2026-09-21T08:25:41,02a67ef62ccad3a5
Nicaragua,2026-09-16,Bolsagro,Mercado Mayoreo,Managua,mayorista,hortalizas,,Chilote,chilote,,,Mediano,,Cien und (30-35 lb),cien,32.5,NIO,200.0,200.0,,200.0,200.0,6.1538,36.896412,5.4206,0.166786,https://www.bolsagro.com.ni/estadisticas/precios-nacionales/59-precios-agropecuarios.html,,2026-09-21T08:25:41,fe98468d3a45e241
Nicaragua,2026-09-16,Bolsagro,Mercado Mayoreo,Managua,mayorista,hortalizas,,Chiltoma,chiltoma,,,Mediano,,Saco (50-60 lb),saco,55.0,NIO,900.0,900.0,,900.0,900.0,16.3636,36.896412,24.3926,0.443501,https://www.bolsagro.com.ni/estadisticas/precios-nacionales/59-precios-agropecuarios.html,,2026-09-21T08:25:41,eb465d30b483ce1e
Nicaragua,2026-09-16,Bolsagro,Mercado Mayoreo,Managua,mayorista,hortalizas,,Coliflor,coliflor,,,Mediano,,Docena (24 lb),docena,24.0,NIO,600.0,600.0,,600.0,600.0,25.0,36.896412,16.2617,0.677573,https://www.bolsagro.com.ni/estadisticas/precios-nacionales/59-precios-agropecuarios.html,,2026-09-21T08:25:41,d36ca864d7891cc7
Nicaragua,2026-09-16,Bolsagro,Mercado Mayoreo,Managua,mayorista,hortalizas,,Culantro,culantro,,,Mediano,,Mazo (2.5-3 oz),mazo,0.1719,NIO,50.0,50.0,,50.0,50.0,290.8668,36.896412,1.3551,7.883336,https://www.bolsagro.com.ni/estadisticas/precios-nacionales/59-precios-agropecuarios.html,,2026-09-21T08:25:41,79be931a6261768b
Nicaragua,2026-09-16,Bolsagro,Mercado Mayoreo,Managua,mayorista,hortalizas,,Elote blanco,elote blanco,,,Mediano,,Cien und (70-80 lb),cien,75.0,NIO,750.0,750.0,,750.0,750.0,10.0,36.896412,20.3272,0.271029,https://www.bolsagro.com.ni/estadisticas/precios-nacionales/59-precios-agropecuarios.html,,2026-09-21T08:25:41,a70345aabf7971ee
Nicaragua,2026-09-16,Bolsagro,Mercado Mayoreo,Managua,mayorista,hortalizas,,Hierbabuena,hierbabuena,,,Mediano,,Canasto 30 doc (50-60 lb),canasto,55.0,NIO,1500.0,1500.0,,1500.0,1500.0,27.2727,36.896412,40.6544,0.739169,https://www.bolsagro.com.ni/estadisticas/precios-nacionales/59-precios-agropecuarios.html,,2026-09-21T08:25:41,f352a9bbfe292f87
Nicaragua,2026-09-16,Bolsagro,Mercado Mayoreo,Managua,mayorista,hortalizas,,Lechuga Iceberg,lechuga iceberg,,,Mediano,,Docena (16-18 lb),docena,17.0,NIO,250.0,250.0,,250.0,250.0,14.7059,36.896412,6.7757,0.398573,https://www.bolsagro.com.ni/estadisticas/precios-nacionales/59-precios-agropecuarios.html,,2026-09-21T08:25:41,8035aa9c5d584476
Nicaragua,2026-09-16,Bolsagro,Mercado Mayoreo,Managua,mayorista,hortalizas,,Lechuga Iceberg,lechuga iceberg,,,Pequeño,,Docena (9-14 lb),docena,11.5,NIO,200.0,200.0,,200.0,200.0,17.3913,36.896412,5.4206,0.471355,https://www.bolsagro.com.ni/estadisticas/precios-nacionales/59-precios-agropecuarios.html,,2026-09-21T08:25:41,2e8e0cdfdbbfe259
Nicaragua,2026-09-16,Bolsagro,Mercado Mayoreo,Managua,mayorista,hortalizas,,Papa blanca,papa blanca,,,Mediano,,Quintal (100 lb),quintal,100.0,NIO,2300.0,2300.0,,2300.0,2300.0,23.0,36.896412,62.3367,0.623367,https://www.bolsagro.com.ni/estadisticas/precios-nacionales/59-precios-agropecuarios.html,,2026-09-21T08:25:41,77930813b216bbd1
Nicaragua,2026-09-16,Bolsagro,Mercado Mayoreo,Managua,mayorista,hortalizas,,Pepino,pepino,,,Mediano,,Saco (150 lb),saco,150.0,NIO,700.0,700.0,,700.0,700.0,4.6667,36.896412,18.972,0.126481,https://www.bolsagro.com.ni/estadisticas/precios-nacionales/59-precios-agropecuarios.html,,2026-09-21T08:25:41,6b8236e2dad90c9b
Nicaragua,2026-09-16,Bolsagro,Mercado Mayoreo,Managua,mayorista,hortalizas,,Perejil,perejil,,,Mediano,,Mazo (6-8 oz),mazo,0.4375,NIO,40.0,40.0,,40.0,40.0,91.4286,36.896412,1.0841,2.477981,https://www.bolsagro.com.ni/estadisticas/precios-nacionales/59-precios-agropecuarios.html,,2026-09-21T08:25:41,52e8c817fc11ef9b
Nicaragua,2026-09-16,Bolsagro,Mercado Mayoreo,Managua,mayorista,hortalizas,,Pipián,pipian,,,Mediano,,Docena (8-9 lb),docena,8.5,NIO,140.0,140.0,,140.0,140.0,16.4706,36.896412,3.7944,0.446401,https://www.bolsagro.com.ni/estadisticas/precios-nacionales/59-precios-agropecuarios.html,,2026-09-21T08:25:41,eeba2c6fb7a27a6d
Nicaragua,2026-09-16,Bolsagro,Mercado Mayoreo,Managua,mayorista,hortalizas,,Quequisque,quequisque,,,Mediano,,Saco (110-130 lb),saco,120.0,NIO,2000.0,2000.0,,2000.0,2000.0,16.6667,36.896412,54.2058,0.451716,https://www.bolsagro.com.ni/estadisticas/precios-nacionales/59-precios-agropecuarios.html,,2026-09-21T08:25:41,8a2cb3e4f7631c7d
Nicaragua,2026-09-16,Bolsagro,Mercado Mayoreo,Managua,mayorista,hortalizas,,Remolacha,remolacha,,,Grande,,Saco (95-100 lb),saco,97.5,NIO,1200.0,1200.0,,1200.0,1200.0,12.3077,36.896412,32.5235,0.333574,https://www.bolsagro.com.ni/estadisticas/precios-nacionales/59-precios-agropecuarios.html,,2026-09-21T08:25:41,3466dc98545780a9
Nicaragua,2026-09-16,Bolsagro,Mercado Mayoreo,Managua,mayorista,hortalizas,,Repollo verde,repollo verde,,,Grande,,"Cien und (1,000-1,200 lb)",cien,200.0,NIO,4000.0,4000.0,,4000.0,4000.0,20.0,36.896412,108.4116,0.542058,https://www.bolsagro.com.ni/estadisticas/precios-nacionales/59-precios-agropecuarios.html,,2026-09-21T08:25:41,1a31f1683193cae7
Nicaragua,2026-09-16,Bolsagro,Mercado Mayoreo,Managua,mayorista,hortalizas,,Repollo verde,repollo verde,,,Mediano,,Cien und (800 lb),cien,800.0,NIO,3500.0,3500.0,,3500.0,3500.0,4.375,36.896412,94.8602,0.118575,https://www.bolsagro.com.ni/estadisticas/precios-nacionales/59-precios-agropecuarios.html,,2026-09-21T08:25:41,c62ac63d30452f74
Nicaragua,2026-09-16,Bolsagro,Mercado Mayoreo,Managua,mayorista,hortalizas,,Repollo verde,repollo verde,,,Pequeño,,Cien und (500 lb),cien,500.0,NIO,2500.0,2500.0,,2500.0,2500.0,5.0,36.896412,67.7573,0.135515,https://www.bolsagro.com.ni/estadisticas/precios-nacionales/59-precios-agropecuarios.html,,2026-09-21T08:25:41,74c0cc0c1a7ec3e4
Nicaragua,2026-09-16,Bolsagro,Mercado Mayoreo,Managua,mayorista,hortalizas,,Rábano,rabano,,,Mediano,,Mazo (1.5-2 lb),mazo,1.75,NIO,40.0,40.0,,40.0,40.0,22.8571,36.896412,1.0841,0.619494,https://www.bolsagro.com.ni/estadisticas/precios-nacionales/59-precios-agropecuarios.html,,2026-09-21T08:25:41,a243ea18470410e3
Nicaragua,2026-09-16,Bolsagro,Mercado Mayoreo,Managua,mayorista,hortalizas,,Tomate pera,tomate pera,,,Mediano,,Cesta plástica (45-50 lb),cesta,47.5,NIO,620.0,620.0,,620.0,620.0,13.0526,36.896412,16.8038,0.353763,https://www.bolsagro.com.ni/estadisticas/precios-nacionales/59-precios-agropecuarios.html,,2026-09-21T08:25:41,c9b848b4a27c0cb9
Nicaragua,2026-09-16,Bolsagro,Mercado Mayoreo,Managua,mayorista,hortalizas,,Tomate pera,tomate pera,,,Pequeño,,Cesta plástica (45-50 lb),cesta,47.5,NIO,540.0,540.0,,540.0,540.0,11.3684,36.896412,14.6356,0.308117,https://www.bolsagro.com.ni/estadisticas/precios-nacionales/59-precios-agropecuarios.html,,2026-09-21T08:25:41,9bb5bf101deb1df0
Nicaragua,2026-09-16,Bolsagro,Mercado Mayoreo,Managua,mayorista,hortalizas,,Yuca blanca,yuca blanca,,,Mediano,,Saco (100 lb),saco,100.0,NIO,800.0,800.0,,800.0,800.0,8.0,36.896412,21.6823,0.216823,https://www.bolsagro.com.ni/estadisticas/precios-nacionales/59-precios-agropecuarios.html,,2026-09-21T08:25:41,3e778e32438e3cd8
Nicaragua,2026-09-16,Bolsagro,Mercado Mayoreo,Managua,mayorista,hortalizas,,Zanahoria,zanahoria,,,Grande,,Saco (80 lb),saco,80.0,NIO,900.0,900.0,,900.0,900.0,11.25,36.896412,24.3926,0.304908,https://www.bolsagro.com.ni/estadisticas/precios-nacionales/59-precios-agropecuarios.html,,2026-09-21T08:25:41,93d402f23b5d857c
Nicaragua,2026-09-16,Bolsagro,Mercado Oriental,Managua,minorista,huevos,Otros,Huevo blanco grande de gallina,huevo blanco grande de gallina,,,,,Cajilla de 30 und (3.75 lb),cajilla,3.75,NIO,200.0,200.0,,200.0,200.0,53.3333,36.896412,5.4206,1.445487,https://www.bolsagro.com.ni/estadisticas/precios-nacionales/59-precios-agropecuarios.html,,2026-09-21T08:25:41,8b584adb2cc50767
Nicaragua,2026-09-16,Bolsagro,Mercado Oriental,Managua,minorista,huevos,Otros,Huevo blanco mediano de gallina,huevo blanco mediano de gallina,,,,,Cajilla de 30 und (3.30 lb),cajilla,3.3,NIO,190.0,190.0,,190.0,190.0,57.5758,36.896412,5.1496,1.560472,https://www.bolsagro.com.ni/estadisticas/precios-nacionales/59-precios-agropecuarios.html,,2026-09-21T08:25:41,d34c4926c257b2ce
Nicaragua,2026-09-16,Bolsagro,Mercado Oriental,Managua,minorista,huevos,Otros,Huevo rojo grande de gallina,huevo rojo grande de gallina,,,,,Cajilla de 30 und (3.75 lb),cajilla,3.75,NIO,200.0,200.0,,200.0,200.0,53.3333,36.896412,5.4206,1.445487,https://www.bolsagro.com.ni/estadisticas/precios-nacionales/59-precios-agropecuarios.html,,2026-09-21T08:25:41,471cc949773e68ec
Nicaragua,2026-09-16,Bolsagro,Mercado Oriental,Managua,minorista,huevos,Otros,Huevo rojo mediano de gallina,huevo rojo mediano de gallina,,,,,Cajilla de 30 und (3.30 lb),cajilla,3.3,NIO,190.0,190.0,,190.0,190.0,57.5758,36.896412,5.1496,1.560472,https://www.bolsagro.com.ni/estadisticas/precios-nacionales/59-precios-agropecuarios.html,,2026-09-21T08:25:41,125844bf9aa74418
Nicaragua,2026-09-16,Bolsagro,Mercado Oriental,Managua,minorista,lacteos,Lácteos,Crema,crema,,,,,Libra,libra,1.0,NIO,60.0,60.0,,60.0,60.0,60.0,36.896412,1.6262,1.626174,https://www.bolsagro.com.ni/estadisticas/precios-nacionales/59-precios-agropecuarios.html,,2026-09-21T08:25:41,2cc23f1a6172cd60
Nicaragua,2026-09-16,Bolsagro,Mercado Oriental,Managua,minorista,lacteos,Otros,Leche fluida pasteurizada,leche fluida pasteurizada,,,,,Litro (Cartón),litro,,NIO,57.0,57.0,,57.0,57.0,,36.896412,1.5449,,https://www.bolsagro.com.ni/estadisticas/precios-nacionales/59-precios-agropecuarios.html,,2026-09-21T08:25:41,d0a463d60f4fe3e5
Nicaragua,2026-09-16,Bolsagro,Mercado Oriental,Managua,minorista,lacteos,Lácteos,Mantequilla,mantequilla,,,,,Libra,libra,1.0,NIO,60.0,60.0,,60.0,60.0,60.0,36.896412,1.6262,1.626174,https://www.bolsagro.com.ni/estadisticas/precios-nacionales/59-precios-agropecuarios.html,,2026-09-21T08:25:41,02e190162b112d45
Nicaragua,2026-09-16,Bolsagro,Mercado Oriental,Managua,minorista,lacteos,Lácteos,Queso fresco,queso fresco,,,,,Libra,libra,1.0,NIO,60.0,60.0,,60.0,60.0,60.0,36.896412,1.6262,1.626174,https://www.bolsagro.com.ni/estadisticas/precios-nacionales/59-precios-agropecuarios.html,,2026-09-21T08:25:41,c4a79938c6974cb4
Nicaragua,2026-09-16,Bolsagro,Mercado Oriental,Managua,minorista,lacteos,Lácteos,Queso seco,queso seco,,,,,Libra,libra,1.0,NIO,68.0,68.0,,68.0,68.0,68.0,36.896412,1.843,1.842998,https://www.bolsagro.com.ni/estadisticas/precios-nacionales/59-precios-agropecuarios.html,,2026-09-21T08:25:41,6dea54a53d7f24e0
Nicaragua,2026-09-16,Bolsagro,Mercado Oriental,Managua,minorista,pesca,Mariscos,Camarón,camaron,,,,,Libra,libra,1.0,NIO,230.0,230.0,,230.0,230.0,230.0,36.896412,6.2337,6.233668,https://www.bolsagro.com.ni/estadisticas/precios-nacionales/59-precios-agropecuarios.html,,2026-09-21T08:25:41,112853e828115f7d
Nicaragua,2026-09-16,Bolsagro,Mercado Oriental,Managua,minorista,pesca,Mariscos,Filete de Corvina,filete de corvina,,,,,Libra,libra,1.0,NIO,140.0,140.0,,140.0,140.0,140.0,36.896412,3.7944,3.794407,https://www.bolsagro.com.ni/estadisticas/precios-nacionales/59-precios-agropecuarios.html,,2026-09-21T08:25:41,fd957b8617b9e049
Nicaragua,2026-09-16,Bolsagro,Mercado Oriental,Managua,minorista,pesca,Mariscos,Filete de Dorado,filete de dorado,,,,,Libra,libra,1.0,NIO,150.0,150.0,,150.0,150.0,150.0,36.896412,4.0654,4.065436,https://www.bolsagro.com.ni/estadisticas/precios-nacionales/59-precios-agropecuarios.html,,2026-09-21T08:25:41,b1853ae8e53ff6ce
Nicaragua,2026-09-16,Bolsagro,Mercado Oriental,Managua,minorista,pesca,Mariscos,Filete de Robalo,filete de robalo,,,,,Libra,libra,1.0,NIO,110.0,110.0,,110.0,110.0,110.0,36.896412,2.9813,2.98132,https://www.bolsagro.com.ni/estadisticas/precios-nacionales/59-precios-agropecuarios.html,,2026-09-21T08:25:41,8584b32f1cd41257
Nicaragua,2026-09-16,Bolsagro,Mercado Oriental,Managua,minorista,pesca,Mariscos,Filete de Roncador,filete de roncador,,,,,Libra,libra,1.0,NIO,110.0,110.0,,110.0,110.0,110.0,36.896412,2.9813,2.98132,https://www.bolsagro.com.ni/estadisticas/precios-nacionales/59-precios-agropecuarios.html,,2026-09-21T08:25:41,7945e56bc3475b2d
Nicaragua,2026-09-16,Bolsagro,Mercado Oriental,Managua,minorista,pesca,Mariscos,Filete de tiburón,filete de tiburon,,,,,Libra,libra,1.0,NIO,110.0,110.0,,110.0,110.0,110.0,36.896412,2.9813,2.98132,https://www.bolsagro.com.ni/estadisticas/precios-nacionales/59-precios-agropecuarios.html,,2026-09-21T08:25:41,9f3724ef4276d180
Nicaragua,2026-09-16,Bolsagro,Mercado Oriental,Managua,minorista,pesca,Mariscos,Pescado Corvina,pescado corvina,,,,,Libra,libra,1.0,NIO,100.0,100.0,,100.0,100.0,100.0,36.896412,2.7103,2.710291,https://www.bolsagro.com.ni/estadisticas/precios-nacionales/59-precios-agropecuarios.html,,2026-09-21T08:25:41,ac1edda333550f61
Nicaragua,2026-09-16,Bolsagro,Mercado Oriental,Managua,minorista,pesca,Mariscos,Pescado Macarela,pescado macarela,,,,,Libra,libra,1.0,NIO,100.0,100.0,,100.0,100.0,100.0,36.896412,2.7103,2.710291,https://www.bolsagro.com.ni/estadisticas/precios-nacionales/59-precios-agropecuarios.html,,2026-09-21T08:25:41,ad463a07723d6181
Nicaragua,2026-09-16,Bolsagro,Mercado Oriental,Managua,minorista,pesca,Mariscos,Pescado Pargo,pescado pargo,,,,,Libra,libra,1.0,NIO,140.0,140.0,,140.0,140.0,140.0,36.896412,3.7944,3.794407,https://www.bolsagro.com.ni/estadisticas/precios-nacionales/59-precios-agropecuarios.html,,2026-09-21T08:25:41,44409b27073d6298
Nicaragua,2026-09-21,Bolsagro,Mercado Oriental,Managua,minorista,abarrotes,Otros,Aceite vegetal,aceite vegetal,,,,,Envase plástico (1 litro),litro,,NIO,88.0,88.0,,88.0,88.0,,36.83104,2.3893,,https://www.bolsagro.com.ni/estadisticas/precios-nacionales/59-precios-agropecuarios.html,,2026-09-25T13:20:37,9343a6ef0863d8ae
Nicaragua,2026-09-21,Bolsagro,Mercado Oriental,Managua,minorista,abarrotes,Otros,Azúcar,azucar,,,,,Libra,libra,1.0,NIO,16.0,16.0,,16.0,16.0,16.0,36.83104,0.4344,0.434416,https://www.bolsagro.com.ni/estadisticas/precios-nacionales/59-precios-agropecuarios.html,,2026-09-25T13:20:37,9f5c52fe8aa3a475
Nicaragua,2026-09-21,Bolsagro,Mercado Oriental,Managua,minorista,carnes,Carnes,"Cerdo, costilla","cerdo, costilla",,,,,Libra,libra,1.0,NIO,95.0,95.0,,95.0,95.0,95.0,36.83104,2.5793,2.579346,https://www.bolsagro.com.ni/estadisticas/precios-nacionales/59-precios-agropecuarios.html,,2026-09-25T13:20:37,bdd0fd333369790e
Nicaragua,2026-09-21,Bolsagro,Mercado Oriental,Managua,minorista,carnes,Carnes,"Cerdo, posta","cerdo, posta",,,,,Libra,libra,1.0,NIO,95.0,95.0,,95.0,95.0,95.0,36.83104,2.5793,2.579346,https://www.bolsagro.com.ni/estadisticas/precios-nacionales/59-precios-agropecuarios.html,,2026-09-25T13:20:37,b2ef35a03c641ab4
Nicaragua,2026-09-21,Bolsagro,Mercado Oriental,Managua,minorista,carnes,Carnes,Muslos de pollo,muslos de pollo,,,,,Libra,libra,1.0,NIO,45.0,45.0,,45.0,45.0,45.0,36.83104,1.2218,1.221796,https://www.bolsagro.com.ni/estadisticas/precios-nacionales/59-precios-agropecuarios.html,,2026-09-25T13:20:37,ea486cd04869899c
Nicaragua,2026-09-21,Bolsagro,Mercado Oriental,Managua,minorista,carnes,Carnes,Pechuga de pollo sin alas,pechuga de pollo sin alas,,,,,Libra,libra,1.0,NIO,67.0,67.0,,67.0,67.0,67.0,36.83104,1.8191,1.819118,https://www.bolsagro.com.ni/estadisticas/precios-nacionales/59-precios-agropecuarios.html,,2026-09-25T13:20:37,af8c037e0288c349
Nicaragua,2026-09-21,Bolsagro,Mercado Oriental,Managua,minorista,carnes,Carnes,Pierna entera de pollo,pierna entera de pollo,,,,,Libra,libra,1.0,NIO,52.0,52.0,,52.0,52.0,52.0,36.83104,1.4119,1.411853,https://www.bolsagro.com.ni/estadisticas/precios-nacionales/59-precios-agropecuarios.html,,2026-09-25T13:20:37,3bd0f7f2d0614410
Nicaragua,2026-09-21,Bolsagro,Mercado Oriental,Managua,minorista,carnes,Carnes,Pollo entero con menudos,pollo entero con menudos,,,,,Libra,libra,1.0,NIO,50.0,50.0,,50.0,50.0,50.0,36.83104,1.3576,1.357551,https://www.bolsagro.com.ni/estadisticas/precios-nacionales/59-precios-agropecuarios.html,,2026-09-25T13:20:37,ae77fd9e68dcb7a2
Nicaragua,2026-09-21,Bolsagro,Mercado Oriental,Managua,minorista,carnes,Carnes,Pollo entero sin menudos,pollo entero sin menudos,,,,,Libra,libra,1.0,NIO,50.0,50.0,,50.0,50.0,50.0,36.83104,1.3576,1.357551,https://www.bolsagro.com.ni/estadisticas/precios-nacionales/59-precios-agropecuarios.html,,2026-09-25T13:20:37,bc118875ba88e467
Nicaragua,2026-09-21,Bolsagro,Mercado Oriental,Managua,minorista,carnes,Carnes,Posta de res,posta de res,,,,,Libra,libra,1.0,NIO,130.0,130.0,,130.0,130.0,130.0,36.83104,3.5296,3.529632,https://www.bolsagro.com.ni/estadisticas/precios-nacionales/59-precios-agropecuarios.html,,2026-09-25T13:20:37,ae653c432ca69ed1
Nicaragua,2026-09-21,Bolsagro,Mercado Mayoreo,Managua,mayorista,frutas,,Aguacate,aguacate,,,Mediano,,Cien und (68 lb),cien,68.0,NIO,3100.0,3100.0,,3100.0,3100.0,45.5882,36.83104,84.1681,1.237766,https://www.bolsagro.com.ni/estadisticas/precios-nacionales/59-precios-agropecuarios.html,,2026-09-25T13:20:37,7d0013e172da5e3d
Nicaragua,2026-09-21,Bolsagro,Mercado Mayoreo,Managua,mayorista,frutas,,Aguacate,aguacate,,,Pequeño,,Cien und (50 lb),cien,50.0,NIO,2600.0,2600.0,,2600.0,2600.0,52.0,36.83104,70.5926,1.411853,https://www.bolsagro.com.ni/estadisticas/precios-nacionales/59-precios-agropecuarios.html,,2026-09-25T13:20:37,e8784b6df5e93145
Nicaragua,2026-09-21,Bolsagro,Mercado Mayoreo,Managua,mayorista,frutas,,Banano maduro,banano maduro,,,Mediano,,Canasto 250 und (62-64 lb),canasto,63.0,NIO,270.0,270.0,,270.0,270.0,4.2857,36.83104,7.3308,0.116361,https://www.bolsagro.com.ni/estadisticas/precios-nacionales/59-precios-agropecuarios.html,,2026-09-25T13:20:37,2fa9983b77749d69
Nicaragua,2026-09-21,Bolsagro,Mercado Mayoreo,Managua,mayorista,frutas,,Banano verde,banano verde,,,Grande,,Cien und (50 lb),cien,50.0,NIO,320.0,320.0,,320.0,320.0,6.4,36.83104,8.6883,0.173766,https://www.bolsagro.com.ni/estadisticas/precios-nacionales/59-precios-agropecuarios.html,,2026-09-25T13:20:37,193b38e70664e3b5
Nicaragua,2026-09-21,Bolsagro,Mercado Mayoreo,Managua,mayorista,frutas,,Coco seco,coco seco,,,Grande,,Cien und (180 lb),cien,180.0,NIO,2800.0,2800.0,,2800.0,2800.0,15.5556,36.83104,76.0228,0.42235,https://www.bolsagro.com.ni/estadisticas/precios-nacionales/59-precios-agropecuarios.html,,2026-09-25T13:20:37,1355dc80fda7a7fe
Nicaragua,2026-09-21,Bolsagro,Mercado Mayoreo,Managua,mayorista,frutas,,Coco seco,coco seco,,,Mediano,,Cien und (160 lb),cien,160.0,NIO,2600.0,2600.0,,2600.0,2600.0,16.25,36.83104,70.5926,0.441204,https://www.bolsagro.com.ni/estadisticas/precios-nacionales/59-precios-agropecuarios.html,,2026-09-25T13:20:37,ef62242f0fa7c241
Nicaragua,2026-09-21,Bolsagro,Mercado Mayoreo,Managua,mayorista,frutas,,Limón Persa,limon persa,,,Mediano,,Cien und (20-25 lb),cien,22.5,NIO,400.0,400.0,,400.0,400.0,17.7778,36.83104,10.8604,0.482685,https://www.bolsagro.com.ni/estadisticas/precios-nacionales/59-precios-agropecuarios.html,,2026-09-25T13:20:37,cb04ad7d73a65ed6
Nicaragua,2026-09-21,Bolsagro,Mercado Mayoreo,Managua,mayorista,frutas,,Limón indio,limon indio,,,Mediano,,Cien und (10 lb),cien,10.0,NIO,350.0,350.0,,350.0,350.0,35.0,36.83104,9.5029,0.950285,https://www.bolsagro.com.ni/estadisticas/precios-nacionales/59-precios-agropecuarios.html,,2026-09-25T13:20:37,bca2a976c34c3fb7
Nicaragua,2026-09-21,Bolsagro,Mercado Mayoreo,Managua,mayorista,frutas,,Limón indio,limon indio,,,Pequeño,,Cien und (7 lb),cien,7.0,NIO,250.0,250.0,,250.0,250.0,35.7143,36.83104,6.7878,0.969679,https://www.bolsagro.com.ni/estadisticas/precios-nacionales/59-precios-agropecuarios.html,,2026-09-25T13:20:37,217bc637c497d514
Nicaragua,2026-09-21,Bolsagro,Mercado Mayoreo,Managua,mayorista,frutas,,Maracuyá,maracuya,,,Mediano,,Cien und (25 lb),cien,25.0,NIO,720.0,720.0,,720.0,720.0,28.8,36.83104,19.5487,0.781949,https://www.bolsagro.com.ni/estadisticas/precios-nacionales/59-precios-agropecuarios.html,,2026-09-25T13:20:37,731992ccd33ca34b
Nicaragua,2026-09-21,Bolsagro,Mercado Mayoreo,Managua,mayorista,frutas,,Maracuyá,maracuya,,,Pequeño,,Cien und (20 lb),cien,20.0,NIO,600.0,600.0,,600.0,600.0,30.0,36.83104,16.2906,0.81453,https://www.bolsagro.com.ni/estadisticas/precios-nacionales/59-precios-agropecuarios.html,,2026-09-25T13:20:37,0cc516813f31f5fd
Nicaragua,2026-09-21,Bolsagro,Mercado Mayoreo,Managua,mayorista,frutas,,Melón Cantaloupe,melon cantaloupe,,,Mediano,,Cien und (250 lb),cien,250.0,NIO,3500.0,3500.0,,3500.0,3500.0,14.0,36.83104,95.0285,0.380114,https://www.bolsagro.com.ni/estadisticas/precios-nacionales/59-precios-agropecuarios.html,,2026-09-25T13:20:37,b02955e20488c412
Nicaragua,2026-09-21,Bolsagro,Mercado Mayoreo,Managua,mayorista,frutas,,Naranja Valencia,naranja valencia,,,Grande,,Cien und (95-105 lb),cien,100.0,NIO,600.0,600.0,,600.0,600.0,6.0,36.83104,16.2906,0.162906,https://www.bolsagro.com.ni/estadisticas/precios-nacionales/59-precios-agropecuarios.html,,2026-09-25T13:20:37,1d997953f8ed9cfa
Nicaragua,2026-09-21,Bolsagro,Mercado Mayoreo,Managua,mayorista,frutas,,Naranja Valencia,naranja valencia,,,Mediano,,Cien und (65-75 lb),cien,70.0,NIO,600.0,600.0,,600.0,600.0,8.5714,36.83104,16.2906,0.232722,https://www.bolsagro.com.ni/estadisticas/precios-nacionales/59-precios-agropecuarios.html,,2026-09-25T13:20:37,dc6b5d5d11da1282
Nicaragua,2026-09-21,Bolsagro,Mercado Mayoreo,Managua,mayorista,frutas,,Naranja Valencia,naranja valencia,,,Pequeño,,Cien und (35-45 lb),cien,40.0,NIO,250.0,250.0,,250.0,250.0,6.25,36.83104,6.7878,0.169694,https://www.bolsagro.com.ni/estadisticas/precios-nacionales/59-precios-agropecuarios.html,,2026-09-25T13:20:37,6fb4d3d0635d016d
Nicaragua,2026-09-21,Bolsagro,Mercado Mayoreo,Managua,mayorista,frutas,,Naranja agria,naranja agria,,,Mediano,,Cien und (45-50 lb),cien,47.5,NIO,800.0,800.0,,800.0,800.0,16.8421,36.83104,21.7208,0.45728,https://www.bolsagro.com.ni/estadisticas/precios-nacionales/59-precios-agropecuarios.html,,2026-09-25T13:20:37,20721936ddd4353c
Nicaragua,2026-09-21,Bolsagro,Mercado Mayoreo,Managua,mayorista,frutas,,Naranja agria,naranja agria,,,Pequeño,,Cien und (30-35 lb),cien,32.5,NIO,700.0,700.0,,700.0,700.0,21.5385,36.83104,19.0057,0.584792,https://www.bolsagro.com.ni/estadisticas/precios-nacionales/59-precios-agropecuarios.html,,2026-09-25T13:20:37,be0146116ec2615a
Nicaragua,2026-09-21,Bolsagro,Mercado Mayoreo,Managua,mayorista,frutas,,Papaya,papaya,,,Grande,,Docena (144-192 lb),docena,168.0,NIO,370.0,370.0,,370.0,370.0,2.2024,36.83104,10.0459,0.059797,https://www.bolsagro.com.ni/estadisticas/precios-nacionales/59-precios-agropecuarios.html,,2026-09-25T13:20:37,e5ac4a295aa44ae3
Nicaragua,2026-09-21,Bolsagro,Mercado Mayoreo,Managua,mayorista,frutas,,Papaya,papaya,,,Mediano,,Docena (96-120 lb),docena,108.0,NIO,320.0,320.0,,320.0,320.0,2.963,36.83104,8.6883,0.080448,https://www.bolsagro.com.ni/estadisticas/precios-nacionales/59-precios-agropecuarios.html,,2026-09-25T13:20:37,0c00e59ce7d3db21
Nicaragua,2026-09-21,Bolsagro,Mercado Mayoreo,Managua,mayorista,frutas,,Piña ácida,pina acida,,,Grande,,Docena (72 lb),docena,72.0,NIO,500.0,500.0,,500.0,500.0,6.9444,36.83104,13.5755,0.188547,https://www.bolsagro.com.ni/estadisticas/precios-nacionales/59-precios-agropecuarios.html,,2026-09-25T13:20:37,47cefe7d52dcdc36
Nicaragua,2026-09-21,Bolsagro,Mercado Mayoreo,Managua,mayorista,frutas,,Piña ácida,pina acida,,,Mediano,,Docena (48 lb),docena,48.0,NIO,400.0,400.0,,400.0,400.0,8.3333,36.83104,10.8604,0.226258,https://www.bolsagro.com.ni/estadisticas/precios-nacionales/59-precios-agropecuarios.html,,2026-09-25T13:20:37,bfafdf6684dc0bbe
Nicaragua,2026-09-21,Bolsagro,Mercado Mayoreo,Managua,mayorista,frutas,,Piña ácida,pina acida,,,Pequeño,,Docena (30-36 lb),docena,33.0,NIO,300.0,300.0,,300.0,300.0,9.0909,36.83104,8.1453,0.246827,https://www.bolsagro.com.ni/estadisticas/precios-nacionales/59-precios-agropecuarios.html,,2026-09-25T13:20:37,d662b844eab2db72
Nicaragua,2026-09-21,Bolsagro,Mercado Mayoreo,Managua,mayorista,frutas,,Plátano maduro,platano maduro,,,Grande,,Cien und (80-90 lb),cien,85.0,NIO,960.0,960.0,,960.0,960.0,11.2941,36.83104,26.065,0.306646,https://www.bolsagro.com.ni/estadisticas/precios-nacionales/59-precios-agropecuarios.html,,2026-09-25T13:20:37,fc8c79686b2a3ead
Nicaragua,2026-09-21,Bolsagro,Mercado Mayoreo,Managua,mayorista,frutas,,Plátano maduro,platano maduro,,,Mediano,,Cien und (50 lb),cien,50.0,NIO,750.0,750.0,,750.0,750.0,15.0,36.83104,20.3633,0.407265,https://www.bolsagro.com.ni/estadisticas/precios-nacionales/59-precios-agropecuarios.html,,2026-09-25T13:20:37,d5a3f68888c1374b
Nicaragua,2026-09-21,Bolsagro,Mercado Mayoreo,Managua,mayorista,frutas,,Plátano maduro,platano maduro,,,Pequeño,,Cien und (25-30 lb),cien,27.5,NIO,600.0,600.0,,600.0,600.0,21.8182,36.83104,16.2906,0.592386,https://www.bolsagro.com.ni/estadisticas/precios-nacionales/59-precios-agropecuarios.html,,2026-09-25T13:20:37,8d99248838ade554
Nicaragua,2026-09-21,Bolsagro,Mercado Mayoreo,Managua,mayorista,frutas,,Plátano verde,platano verde,,,Grande,,Cien und (80-90 lb),cien,85.0,NIO,960.0,960.0,,960.0,960.0,11.2941,36.83104,26.065,0.306646,https://www.bolsagro.com.ni/estadisticas/precios-nacionales/59-precios-agropecuarios.html,,2026-09-25T13:20:37,f8f6964062259879
Nicaragua,2026-09-21,Bolsagro,Mercado Mayoreo,Managua,mayorista,frutas,,Plátano verde,platano verde,,,Mediano,,Cien und (50 lb),cien,50.0,NIO,750.0,750.0,,750.0,750.0,15.0,36.83104,20.3633,0.407265,https://www.bolsagro.com.ni/estadisticas/precios-nacionales/59-precios-agropecuarios.html,,2026-09-25T13:20:37,6e07c19e4d6b4418
Nicaragua,2026-09-21,Bolsagro,Mercado Mayoreo,Managua,mayorista,frutas,,Plátano verde,platano verde,,,Pequeño,,Cien und (25-30 lb),cien,27.5,NIO,600.0,600.0,,600.0,600.0,21.8182,36.83104,16.2906,0.592386,https://www.bolsagro.com.ni/estadisticas/precios-nacionales/59-precios-agropecuarios.html,,2026-09-25T13:20:37,f0913af6d97110ee
Nicaragua,2026-09-21,Bolsagro,Mercado Mayoreo,Managua,mayorista,frutas,,Sandía Mickey Lee,sandia mickey lee,,,Grande,,Docena (180 lb),docena,180.0,NIO,500.0,500.0,,500.0,500.0,2.7778,36.83104,13.5755,0.07542,https://www.bolsagro.com.ni/estadisticas/precios-nacionales/59-precios-agropecuarios.html,,2026-09-25T13:20:37,01a29adfe02171ad
Nicaragua,2026-09-21,Bolsagro,Mercado Mayoreo,Managua,mayorista,frutas,,Sandía Mickey Lee,sandia mickey lee,,,Mediano,,Docena (108-132 lb),docena,120.0,NIO,500.0,500.0,,500.0,500.0,4.1667,36.83104,13.5755,0.11313,https://www.bolsagro.com.ni/estadisticas/precios-nacionales/59-precios-agropecuarios.html,,2026-09-25T13:20:37,1487bcf3c3155210
Nicaragua,2026-09-21,Bolsagro,Mercado Mayoreo,Managua,mayorista,frutas,,Sandía Mickey Lee,sandia mickey lee,,,Pequeño,,Docena (48-72 lb),docena,60.0,NIO,400.0,400.0,,400.0,400.0,6.6667,36.83104,10.8604,0.181008,https://www.bolsagro.com.ni/estadisticas/precios-nacionales/59-precios-agropecuarios.html,,2026-09-25T13:20:37,585a1b12b3b0d742
Nicaragua,2026-09-21,Bolsagro,Mercado Mayoreo,Managua,mayorista,frutas,,Tamarindo sin cáscara,tamarindo sin cascara,,,Mediano,,Quintal (100 lb),quintal,100.0,NIO,5600.0,5600.0,,5600.0,5600.0,56.0,36.83104,152.0457,1.520457,https://www.bolsagro.com.ni/estadisticas/precios-nacionales/59-precios-agropecuarios.html,,2026-09-25T13:20:37,58793506b519fa85
Nicaragua,2026-09-21,Bolsagro,Mercado Oriental,Managua,mayorista,granos,,Arroz (70/30),arroz (70/30),,,,,Quintal (100 lb),quintal,100.0,NIO,1850.0,1850.0,,1850.0,1850.0,18.5,36.83104,50.2294,0.502294,https://www.bolsagro.com.ni/estadisticas/precios-nacionales/59-precios-agropecuarios.html,,2026-09-25T13:20:37,12bc633d0aae1601
Nicaragua,2026-09-21,Bolsagro,Mercado Oriental,Managua,minorista,granos,,Arroz (70/30),arroz (70/30),,,,,Libra,libra,1.0,NIO,20.0,20.0,,20.0,20.0,20.0,36.83104,0.543,0.54302,https://www.bolsagro.com.ni/estadisticas/precios-nacionales/59-precios-agropecuarios.html,,2026-09-25T13:20:37,0ef1a68b575cbc19
Nicaragua,2026-09-21,Bolsagro,Mercado Oriental,Managua,mayorista,granos,,Arroz (80/20),arroz (80/20),,,,,Quintal (100 lb),quintal,100.0,NIO,2100.0,2100.0,,2100.0,2100.0,21.0,36.83104,57.0171,0.570171,https://www.bolsagro.com.ni/estadisticas/precios-nacionales/59-precios-agropecuarios.html,,2026-09-25T13:20:37,08f82ec241cf8784
Nicaragua,2026-09-21,Bolsagro,Mercado Oriental,Managua,minorista,granos,,Arroz (80/20),arroz (80/20),,,,,Libra,libra,1.0,NIO,22.0,22.0,,22.0,22.0,22.0,36.83104,0.5973,0.597322,https://www.bolsagro.com.ni/estadisticas/precios-nacionales/59-precios-agropecuarios.html,,2026-09-25T13:20:37,ab09fbf8a7a428bb
Nicaragua,2026-09-21,Bolsagro,Mercado Oriental,Managua,mayorista,granos,,Arroz (96/4),arroz (96/4),,,,,Quintal (100 lb),quintal,100.0,NIO,2360.0,2360.0,,2360.0,2360.0,23.6,36.83104,64.0764,0.640764,https://www.bolsagro.com.ni/estadisticas/precios-nacionales/59-precios-agropecuarios.html,,2026-09-25T13:20:37,665f0ff6d1fa9aa5
Nicaragua,2026-09-21,Bolsagro,Mercado Oriental,Managua,minorista,granos,,Arroz (96/4),arroz (96/4),,,,,Libra,libra,1.0,NIO,25.0,25.0,,25.0,25.0,25.0,36.83104,0.6788,0.678775,https://www.bolsagro.com.ni/estadisticas/precios-nacionales/59-precios-agropecuarios.html,,2026-09-25T13:20:37,f44b6982da446de8
Nicaragua,2026-09-21,Bolsagro,Mercado Oriental,Managua,mayorista,granos,,Arroz puntilla,arroz puntilla,,,,,Quintal (100 lb),quintal,100.0,NIO,850.0,850.0,,850.0,850.0,8.5,36.83104,23.0784,0.230784,https://www.bolsagro.com.ni/estadisticas/precios-nacionales/59-precios-agropecuarios.html,,2026-09-25T13:20:37,36616c8c127931dd
Nicaragua,2026-09-21,Bolsagro,Mercado Oriental,Managua,mayorista,granos,,Cacao,cacao,,,,,Quintal (100 lb),quintal,100.0,NIO,7600.0,7600.0,,7600.0,7600.0,76.0,36.83104,206.3477,2.063477,https://www.bolsagro.com.ni/estadisticas/precios-nacionales/59-precios-agropecuarios.html,,2026-09-25T13:20:37,8f4be7a50e187262
Nicaragua,2026-09-21,Bolsagro,Mercado Oriental,Managua,mayorista,granos,,Frijol rojo,frijol rojo,,,,,Quintal (100 lb),quintal,100.0,NIO,2800.0,2800.0,,2800.0,2800.0,28.0,36.83104,76.0228,0.760228,https://www.bolsagro.com.ni/estadisticas/precios-nacionales/59-precios-agropecuarios.html,,2026-09-25T13:20:37,2b7bc62607d00427
Nicaragua,2026-09-21,Bolsagro,Mercado Oriental,Managua,minorista,granos,,Frijol rojo,frijol rojo,,,,,Libra,libra,1.0,NIO,30.0,30.0,,30.0,30.0,30.0,36.83104,0.8145,0.81453,https://www.bolsagro.com.ni/estadisticas/precios-nacionales/59-precios-agropecuarios.html,,2026-09-25T13:20:37,6a197de857d4e424
Nicaragua,2026-09-21,Bolsagro,Mercado Oriental,Managua,mayorista,granos,,Frijol tinto,frijol tinto,,,,,Quintal (100 lb),quintal,100.0,NIO,2800.0,2800.0,,2800.0,2800.0,28.0,36.83104,76.0228,0.760228,https://www.bolsagro.com.ni/estadisticas/precios-nacionales/59-precios-agropecuarios.html,,2026-09-25T13:20:37,aede2d347b9662d0
Nicaragua,2026-09-21,Bolsagro,Mercado Oriental,Managua,minorista,granos,,Frijol tinto,frijol tinto,,,,,Libra,libra,1.0,NIO,30.0,30.0,,30.0,30.0,30.0,36.83104,0.8145,0.81453,https://www.bolsagro.com.ni/estadisticas/precios-nacionales/59-precios-agropecuarios.html,,2026-09-25T13:20:37,3926677da7fb37c1
Nicaragua,2026-09-21,Bolsagro,Mercado Oriental,Managua,mayorista,granos,,Maíz blanco,maiz blanco,,,,,Quintal (100 lb),quintal,100.0,NIO,1300.0,1300.0,,1300.0,1300.0,13.0,36.83104,35.2963,0.352963,https://www.bolsagro.com.ni/estadisticas/precios-nacionales/59-precios-agropecuarios.html,,2026-09-25T13:20:37,9ee4f9beac3b37be
Nicaragua,2026-09-21,Bolsagro,Mercado Oriental,Managua,minorista,granos,,Maíz blanco,maiz blanco,,,,,Libra,libra,1.0,NIO,14.0,14.0,,14.0,14.0,14.0,36.83104,0.3801,0.380114,https://www.bolsagro.com.ni/estadisticas/precios-nacionales/59-precios-agropecuarios.html,,2026-09-25T13:20:37,78d0f1c2cfa208e3
Nicaragua,2026-09-21,Bolsagro,Mercado Oriental,Managua,mayorista,granos,,Semilla jícaro,semilla jicaro,,,,,Quintal (100 lb),quintal,100.0,NIO,4300.0,4300.0,,4300.0,4300.0,43.0,36.83104,116.7494,1.167494,https://www.bolsagro.com.ni/estadisticas/precios-nacionales/59-precios-agropecuarios.html,,2026-09-25T13:20:37,8d563db7c8a7173e
Nicaragua,2026-09-21,Bolsagro,Mercado Oriental,Managua,mayorista,granos,,Sorgo blanco,sorgo blanco,,,,,Quintal (100 lb),quintal,100.0,NIO,1300.0,1300.0,,1300.0,1300.0,13.0,36.83104,35.2963,0.352963,https://www.bolsagro.com.ni/estadisticas/precios-nacionales/59-precios-agropecuarios.html,,2026-09-25T13:20:37,be22b7b5e1e7aa36
Nicaragua,2026-09-21,Bolsagro,Mercado Oriental,Managua,minorista,granos,,Sorgo blanco,sorgo blanco,,,,,Libra,libra,1.0,NIO,15.0,15.0,,15.0,15.0,15.0,36.83104,0.4073,0.407265,https://www.bolsagro.com.ni/estadisticas/precios-nacionales/59-precios-agropecuarios.html,,2026-09-25T13:20:37,2866b4c3d24fe610
Nicaragua,2026-09-21,Bolsagro,Mercado Oriental,Managua,mayorista,granos,,Sorgo rojo,sorgo rojo,,,,,Quintal (100 lb),quintal,100.0,NIO,1400.0,1400.0,,1400.0,1400.0,14.0,36.83104,38.0114,0.380114,https://www.bolsagro.com.ni/estadisticas/precios-nacionales/59-precios-agropecuarios.html,,2026-09-25T13:20:37,0f4ec02b7ed9f037
Nicaragua,2026-09-21,Bolsagro,Mercado Oriental,Managua,mayorista,granos,,Soya,soya,,,,,Quintal (100 lb),quintal,100.0,NIO,4600.0,4600.0,,4600.0,4600.0,46.0,36.83104,124.8947,1.248947,https://www.bolsagro.com.ni/estadisticas/precios-nacionales/59-precios-agropecuarios.html,,2026-09-25T13:20:37,c350433c03023c9a
Nicaragua,2026-09-21,Bolsagro,Mercado Oriental,Managua,minorista,huevos,Otros,Huevo blanco grande de gallina,huevo blanco grande de gallina,,,,,Cajilla de 30 und (3.75 lb),cajilla,3.75,NIO,200.0,200.0,,200.0,200.0,53.3333,36.83104,5.4302,1.448053,https://www.bolsagro.com.ni/estadisticas/precios-nacionales/59-precios-agropecuarios.html,,2026-09-25T13:20:37,0bdd86427e4ebf3f
Nicaragua,2026-09-21,Bolsagro,Mercado Oriental,Managua,minorista,huevos,Otros,Huevo blanco mediano de gallina,huevo blanco mediano de gallina,,,,,Cajilla de 30 und (3.30 lb),cajilla,3.3,NIO,190.0,190.0,,190.0,190.0,57.5758,36.83104,5.1587,1.563241,https://www.bolsagro.com.ni/estadisticas/precios-nacionales/59-precios-agropecuarios.html,,2026-09-25T13:20:37,484421eba6851b0c
Nicaragua,2026-09-21,Bolsagro,Mercado Oriental,Managua,minorista,huevos,Otros,Huevo rojo grande de gallina,huevo rojo grande de gallina,,,,,Cajilla de 30 und (3.75 lb),cajilla,3.75,NIO,200.0,200.0,,200.0,200.0,53.3333,36.83104,5.4302,1.448053,https://www.bolsagro.com.ni/estadisticas/precios-nacionales/59-precios-agropecuarios.html,,2026-09-25T13:20:37,169003ca8c84b057
Nicaragua,2026-09-21,Bolsagro,Mercado Oriental,Managua,minorista,huevos,Otros,Huevo rojo mediano de gallina,huevo rojo mediano de gallina,,,,,Cajilla de 30 und (3.30 lb),cajilla,3.3,NIO,190.0,190.0,,190.0,190.0,57.5758,36.83104,5.1587,1.563241,https://www.bolsagro.com.ni/estadisticas/precios-nacionales/59-precios-agropecuarios.html,,2026-09-25T13:20:37,e7476fa8a56a7a34
Nicaragua,2026-09-21,Bolsagro,Mercado Oriental,Managua,minorista,lacteos,Lácteos,Crema,crema,,,,,Libra,libra,1.0,NIO,60.0,60.0,,60.0,60.0,60.0,36.83104,1.6291,1.629061,https://www.bolsagro.com.ni/estadisticas/precios-nacionales/59-precios-agropecuarios.html,,2026-09-25T13:20:37,933ca190c1ddc615
Nicaragua,2026-09-21,Bolsagro,Mercado Oriental,Managua,minorista,lacteos,Otros,Leche fluida pasteurizada,leche fluida pasteurizada,,,,,Litro (Cartón),litro,,NIO,57.0,57.0,,57.0,57.0,,36.83104,1.5476,,https://www.bolsagro.com.ni/estadisticas/precios-nacionales/59-precios-agropecuarios.html,,2026-09-25T13:20:37,cbc062162c406ee6
Nicaragua,2026-09-21,Bolsagro,Mercado Oriental,Managua,minorista,lacteos,Lácteos,Mantequilla,mantequilla,,,,,Libra,libra,1.0,NIO,60.0,60.0,,60.0,60.0,60.0,36.83104,1.6291,1.629061,https://www.bolsagro.com.ni/estadisticas/precios-nacionales/59-precios-agropecuarios.html,,2026-09-25T13:20:37,877fd98f13d54ee1
Nicaragua,2026-09-21,Bolsagro,Mercado Oriental,Managua,minorista,lacteos,Lácteos,Queso fresco,queso fresco,,,,,Libra,libra,1.0,NIO,70.0,70.0,,70.0,70.0,70.0,36.83104,1.9006,1.900571,https://www.bolsagro.com.ni/estadisticas/precios-nacionales/59-precios-agropecuarios.html,,2026-09-25T13:20:37,c49d885f4681da22
Nicaragua,2026-09-21,Bolsagro,Mercado Oriental,Managua,minorista,lacteos,Lácteos,Queso seco,queso seco,,,,,Libra,libra,1.0,NIO,80.0,80.0,,80.0,80.0,80.0,36.83104,2.1721,2.172081,https://www.bolsagro.com.ni/estadisticas/precios-nacionales/59-precios-agropecuarios.html,,2026-09-25T13:20:37,77628c6f50801a41
Nicaragua,2026-09-21,Bolsagro,Mercado Oriental,Managua,minorista,pesca,Mariscos,Camarón,camaron,,,,,Libra,libra,1.0,NIO,230.0,230.0,,230.0,230.0,230.0,36.83104,6.2447,6.244733,https://www.bolsagro.com.ni/estadisticas/precios-nacionales/59-precios-agropecuarios.html,,2026-09-25T13:20:37,e38c20881f9f218b
Nicaragua,2026-09-21,Bolsagro,Mercado Oriental,Managua,minorista,pesca,Mariscos,Filete de Corvina,filete de corvina,,,,,Libra,libra,1.0,NIO,140.0,140.0,,140.0,140.0,140.0,36.83104,3.8011,3.801142,https://www.bolsagro.com.ni/estadisticas/precios-nacionales/59-precios-agropecuarios.html,,2026-09-25T13:20:37,ac56feff952605ea
Nicaragua,2026-09-21,Bolsagro,Mercado Oriental,Managua,minorista,pesca,Mariscos,Filete de Dorado,filete de dorado,,,,,Libra,libra,1.0,NIO,150.0,150.0,,150.0,150.0,150.0,36.83104,4.0727,4.072652,https://www.bolsagro.com.ni/estadisticas/precios-nacionales/59-precios-agropecuarios.html,,2026-09-25T13:20:37,08d6c924bb98cfc3
Nicaragua,2026-09-21,Bolsagro,Mercado Oriental,Managua,minorista,pesca,Mariscos,Filete de Robalo,filete de robalo,,,,,Libra,libra,1.0,NIO,110.0,110.0,,110.0,110.0,110.0,36.83104,2.9866,2.986611,https://www.bolsagro.com.ni/estadisticas/precios-nacionales/59-precios-agropecuarios.html,,2026-09-25T13:20:37,bc39e2b059c704ff
Nicaragua,2026-09-21,Bolsagro,Mercado Oriental,Managua,minorista,pesca,Mariscos,Filete de Roncador,filete de roncador,,,,,Libra,libra,1.0,NIO,110.0,110.0,,110.0,110.0,110.0,36.83104,2.9866,2.986611,https://www.bolsagro.com.ni/estadisticas/precios-nacionales/59-precios-agropecuarios.html,,2026-09-25T13:20:37,e2e040f6ac545051
Nicaragua,2026-09-21,Bolsagro,Mercado Oriental,Managua,minorista,pesca,Mariscos,Filete de tiburón,filete de tiburon,,,,,Libra,libra,1.0,NIO,110.0,110.0,,110.0,110.0,110.0,36.83104,2.9866,2.986611,https://www.bolsagro.com.ni/estadisticas/precios-nacionales/59-precios-agropecuarios.html,,2026-09-25T13:20:37,f1ab59e24940b82e
Nicaragua,2026-09-21,Bolsagro,Mercado Oriental,Managua,minorista,pesca,Mariscos,Pescado Corvina,pescado corvina,,,,,Libra,libra,1.0,NIO,100.0,100.0,,100.0,100.0,100.0,36.83104,2.7151,2.715101,https://www.bolsagro.com.ni/estadisticas/precios-nacionales/59-precios-agropecuarios.html,,2026-09-25T13:20:37,98a952b4f72e7cb5
Nicaragua,2026-09-21,Bolsagro,Mercado Oriental,Managua,minorista,pesca,Mariscos,Pescado Macarela,pescado macarela,,,,,Libra,libra,1.0,NIO,100.0,100.0,,100.0,100.0,100.0,36.83104,2.7151,2.715101,https://www.bolsagro.com.ni/estadisticas/precios-nacionales/59-precios-agropecuarios.html,,2026-09-25T13:20:37,462721778e03aba6
Nicaragua,2026-09-21,Bolsagro,Mercado Oriental,Managua,minorista,pesca,Mariscos,Pescado Pargo,pescado pargo,,,,,Libra,libra,1.0,NIO,140.0,140.0,,140.0,140.0,140.0,36.83104,3.8011,3.801142,https://www.bolsagro.com.ni/estadisticas/precios-nacionales/59-precios-agropecuarios.html,,2026-09-25T13:20:37,894f24ba91e2ef1b
Nicaragua,2026-09-24,Bolsagro,Mercado Oriental,Managua,minorista,abarrotes,Otros,Aceite vegetal,aceite vegetal,,,,,Envase plástico (1 litro),litro,,NIO,88.0,88.0,,88.0,88.0,,36.794627,2.3917,,https://www.bolsagro.com.ni/estadisticas/precios-nacionales/59-precios-agropecuarios.html,,2026-10-02T13:19:17,95a31dc96f9180b3
Nicaragua,2026-09-24,Bolsagro,Mercado Oriental,Managua,minorista,abarrotes,Otros,Azúcar,azucar,,,,,Libra,libra,1.0,NIO,16.0,16.0,,16.0,16.0,16.0,36.794627,0.4348,0.434846,https://www.bolsagro.com.ni/estadisticas/precios-nacionales/59-precios-agropecuarios.html,,2026-10-02T13:19:17,86926de6191dd23b
Nicaragua,2026-09-24,Bolsagro,Mercado Oriental,Managua,minorista,carnes,Carnes,"Cerdo, costilla","cerdo, costilla",,,,,Libra,libra,1.0,NIO,95.0,95.0,,95.0,95.0,95.0,36.794627,2.5819,2.581899,https://www.bolsagro.com.ni/estadisticas/precios-nacionales/59-precios-agropecuarios.html,,2026-10-02T13:19:17,3f1ad9cafe4b451d
Nicaragua,2026-09-24,Bolsagro,Mercado Oriental,Managua,minorista,carnes,Carnes,"Cerdo, posta","cerdo, posta",,,,,Libra,libra,1.0,NIO,95.0,95.0,,95.0,95.0,95.0,36.794627,2.5819,2.581899,https://www.bolsagro.com.ni/estadisticas/precios-nacionales/59-precios-agropecuarios.html,,2026-10-02T13:19:17,fe27c13f19b0a1b3
Nicaragua,2026-09-24,Bolsagro,Mercado Oriental,Managua,minorista,carnes,Carnes,Muslos de pollo,muslos de pollo,,,,,Libra,libra,1.0,NIO,45.0,45.0,,45.0,45.0,45.0,36.794627,1.223,1.223005,https://www.bolsagro.com.ni/estadisticas/precios-nacionales/59-precios-agropecuarios.html,,2026-10-02T13:19:17,fd59b2bddb420909
Nicaragua,2026-09-24,Bolsagro,Mercado Oriental,Managua,minorista,carnes,Carnes,Pechuga de pollo sin alas,pechuga de pollo sin alas,,,,,Libra,libra,1.0,NIO,67.0,67.0,,67.0,67.0,67.0,36.794627,1.8209,1.820918,https://www.bolsagro.com.ni/estadisticas/precios-nacionales/59-precios-agropecuarios.html,,2026-10-02T13:19:17,b8a1096ba843886c
Nicaragua,2026-09-24,Bolsagro,Mercado Oriental,Managua,minorista,carnes,Carnes,Pierna entera de pollo,pierna entera de pollo,,,,,Libra,libra,1.0,NIO,52.0,52.0,,52.0,52.0,52.0,36.794627,1.4132,1.41325,https://www.bolsagro.com.ni/estadisticas/precios-nacionales/59-precios-agropecuarios.html,,2026-10-02T13:19:17,03b4c43a8f7e5602
Nicaragua,2026-09-24,Bolsagro,Mercado Oriental,Managua,minorista,carnes,Carnes,Pollo entero con menudos,pollo entero con menudos,,,,,Libra,libra,1.0,NIO,50.0,50.0,,50.0,50.0,50.0,36.794627,1.3589,1.358894,https://www.bolsagro.com.ni/estadisticas/precios-nacionales/59-precios-agropecuarios.html,,2026-10-02T13:19:17,51296ad4c3a844ef
Nicaragua,2026-09-24,Bolsagro,Mercado Oriental,Managua,minorista,carnes,Carnes,Pollo entero sin menudos,pollo entero sin menudos,,,,,Libra,libra,1.0,NIO,50.0,50.0,,50.0,50.0,50.0,36.794627,1.3589,1.358894,https://www.bolsagro.com.ni/estadisticas/precios-nacionales/59-precios-agropecuarios.html,,2026-10-02T13:19:17,5362f95be9ab083e
Nicaragua,2026-09-24,Bolsagro,Mercado Oriental,Managua,minorista,carnes,Carnes,Posta de res,posta de res,,,,,Libra,libra,1.0,NIO,130.0,130.0,,130.0,130.0,130.0,36.794627,3.5331,3.533125,https://www.bolsagro.com.ni/estadisticas/precios-nacionales/59-precios-agropecuarios.html,,2026-10-02T13:19:17,bb849d5cb03b3470
Nicaragua,2026-09-24,Bolsagro,Mercado Mayoreo,Managua,mayorista,frutas,,Aguacate,aguacate,,,Mediano,,Cien und (68 lb),cien,68.0,NIO,3200.0,3200.0,,3200.0,3200.0,47.0588,36.794627,86.9692,1.278958,https://www.bolsagro.com.ni/estadisticas/precios-nacionales/59-precios-agropecuarios.html,,2026-10-02T13:19:17,8728e530ff09650d
Nicaragua,2026-09-24,Bolsagro,Mercado Mayoreo,Managua,mayorista,frutas,,Aguacate,aguacate,,,Pequeño,,Cien und (50 lb),cien,50.0,NIO,2700.0,2700.0,,2700.0,2700.0,54.0,36.794627,73.3803,1.467606,https://www.bolsagro.com.ni/estadisticas/precios-nacionales/59-precios-agropecuarios.html,,2026-10-02T13:19:17,cfa9e42cda54550f
Nicaragua,2026-09-24,Bolsagro,Mercado Mayoreo,Managua,mayorista,frutas,,Banano maduro,banano maduro,,,Mediano,,Canasto 250 und (62-64 lb),canasto,63.0,NIO,280.0,280.0,,280.0,280.0,4.4444,36.794627,7.6098,0.120789,https://www.bolsagro.com.ni/estadisticas/precios-nacionales/59-precios-agropecuarios.html,,2026-10-02T13:19:17,58b4a78850f52f1e
Nicaragua,2026-09-24,Bolsagro,Mercado Mayoreo,Managua,mayorista,frutas,,Banano verde,banano verde,,,Grande,,Cien und (50 lb),cien,50.0,NIO,330.0,330.0,,330.0,330.0,6.6,36.794627,8.9687,0.179374,https://www.bolsagro.com.ni/estadisticas/precios-nacionales/59-precios-agropecuarios.html,,2026-10-02T13:19:17,bbfe66b8f35fc886
Nicaragua,2026-09-24,Bolsagro,Mercado Mayoreo,Managua,mayorista,frutas,,Coco seco,coco seco,,,Grande,,Cien und (180 lb),cien,180.0,NIO,2800.0,2800.0,,2800.0,2800.0,15.5556,36.794627,76.0981,0.422768,https://www.bolsagro.com.ni/estadisticas/precios-nacionales/59-precios-agropecuarios.html,,2026-10-02T13:19:17,0e4c10b8291b300c
Nicaragua,2026-09-24,Bolsagro,Mercado Mayoreo,Managua,mayorista,frutas,,Coco seco,coco seco,,,Mediano,,Cien und (160 lb),cien,160.0,NIO,2600.0,2600.0,,2600.0,2600.0,16.25,36.794627,70.6625,0.441641,https://www.bolsagro.com.ni/estadisticas/precios-nacionales/59-precios-agropecuarios.html,,2026-10-02T13:19:17,43568cecbda38a99
Nicaragua,2026-09-24,Bolsagro,Mercado Mayoreo,Managua,mayorista,frutas,,Limón Persa,limon persa,,,Mediano,,Cien und (20-25 lb),cien,22.5,NIO,400.0,400.0,,400.0,400.0,17.7778,36.794627,10.8712,0.483163,https://www.bolsagro.com.ni/estadisticas/precios-nacionales/59-precios-agropecuarios.html,,2026-10-02T13:19:17,8ac3e1ab84a9cf57
Nicaragua,2026-09-24,Bolsagro,Mercado Mayoreo,Managua,mayorista,frutas,,Limón indio,limon indio,,,Mediano,,Cien und (10 lb),cien,10.0,NIO,350.0,350.0,,350.0,350.0,35.0,36.794627,9.5123,0.951226,https://www.bolsagro.com.ni/estadisticas/precios-nacionales/59-precios-agropecuarios.html,,2026-10-02T13:19:17,315adaf83d65d5b8
Nicaragua,2026-09-24,Bolsagro,Mercado Mayoreo,Managua,mayorista,frutas,,Limón indio,limon indio,,,Pequeño,,Cien und (7 lb),cien,7.0,NIO,250.0,250.0,,250.0,250.0,35.7143,36.794627,6.7945,0.970639,https://www.bolsagro.com.ni/estadisticas/precios-nacionales/59-precios-agropecuarios.html,,2026-10-02T13:19:17,e15332a75e9448a2
Nicaragua,2026-09-24,Bolsagro,Mercado Mayoreo,Managua,mayorista,frutas,,Maracuyá,maracuya,,,Mediano,,Cien und (25 lb),cien,25.0,NIO,720.0,720.0,,720.0,720.0,28.8,36.794627,19.5681,0.782723,https://www.bolsagro.com.ni/estadisticas/precios-nacionales/59-precios-agropecuarios.html,,2026-10-02T13:19:17,4dc0107111bf096c
Nicaragua,2026-09-24,Bolsagro,Mercado Mayoreo,Managua,mayorista,frutas,,Maracuyá,maracuya,,,Pequeño,,Cien und (20 lb),cien,20.0,NIO,600.0,600.0,,600.0,600.0,30.0,36.794627,16.3067,0.815336,https://www.bolsagro.com.ni/estadisticas/precios-nacionales/59-precios-agropecuarios.html,,2026-10-02T13:19:17,df3dfff35181ca31
Nicaragua,2026-09-24,Bolsagro,Mercado Mayoreo,Managua,mayorista,frutas,,Melón Cantaloupe,melon cantaloupe,,,Mediano,,Cien und (250 lb),cien,250.0,NIO,3500.0,3500.0,,3500.0,3500.0,14.0,36.794627,95.1226,0.38049,https://www.bolsagro.com.ni/estadisticas/precios-nacionales/59-precios-agropecuarios.html,,2026-10-02T13:19:17,29dfba8fda6c9aa1
Nicaragua,2026-09-24,Bolsagro,Mercado Mayoreo,Managua,mayorista,frutas,,Naranja Valencia,naranja valencia,,,Grande,,Cien und (95-105 lb),cien,100.0,NIO,500.0,500.0,,500.0,500.0,5.0,36.794627,13.5889,0.135889,https://www.bolsagro.com.ni/estadisticas/precios-nacionales/59-precios-agropecuarios.html,,2026-10-02T13:19:17,57779da4eec02828
Nicaragua,2026-09-24,Bolsagro,Mercado Mayoreo,Managua,mayorista,frutas,,Naranja Valencia,naranja valencia,,,Mediano,,Cien und (65-75 lb),cien,70.0,NIO,600.0,600.0,,600.0,600.0,8.5714,36.794627,16.3067,0.232952,https://www.bolsagro.com.ni/estadisticas/precios-nacionales/59-precios-agropecuarios.html,,2026-10-02T13:19:17,da018a67a34b9d37
Nicaragua,2026-09-24,Bolsagro,Mercado Mayoreo,Managua,mayorista,frutas,,Naranja Valencia,naranja valencia,,,Pequeño,,Cien und (35-45 lb),cien,40.0,NIO,250.0,250.0,,250.0,250.0,6.25,36.794627,6.7945,0.169862,https://www.bolsagro.com.ni/estadisticas/precios-nacionales/59-precios-agropecuarios.html,,2026-10-02T13:19:17,4bccbc8c8ca2903c
Nicaragua,2026-09-24,Bolsagro,Mercado Mayoreo,Managua,mayorista,frutas,,Naranja agria,naranja agria,,,Mediano,,Cien und (45-50 lb),cien,47.5,NIO,800.0,800.0,,800.0,800.0,16.8421,36.794627,21.7423,0.457733,https://www.bolsagro.com.ni/estadisticas/precios-nacionales/59-precios-agropecuarios.html,,2026-10-02T13:19:17,b0776894e832153e
Nicaragua,2026-09-24,Bolsagro,Mercado Mayoreo,Managua,mayorista,frutas,,Naranja agria,naranja agria,,,Pequeño,,Cien und (30-35 lb),cien,32.5,NIO,700.0,700.0,,700.0,700.0,21.5385,36.794627,19.0245,0.585371,https://www.bolsagro.com.ni/estadisticas/precios-nacionales/59-precios-agropecuarios.html,,2026-10-02T13:19:17,a5355658dc8571f8
Nicaragua,2026-09-24,Bolsagro,Mercado Mayoreo,Managua,mayorista,frutas,,Papaya,papaya,,,Grande,,Docena (144-192 lb),docena,168.0,NIO,370.0,370.0,,370.0,370.0,2.2024,36.794627,10.0558,0.059857,https://www.bolsagro.com.ni/estadisticas/precios-nacionales/59-precios-agropecuarios.html,,2026-10-02T13:19:17,d4acf298f560a45c
Nicaragua,2026-09-24,Bolsagro,Mercado Mayoreo,Managua,mayorista,frutas,,Papaya,papaya,,,Mediano,,Docena (96-120 lb),docena,108.0,NIO,320.0,320.0,,320.0,320.0,2.963,36.794627,8.6969,0.080528,https://www.bolsagro.com.ni/estadisticas/precios-nacionales/59-precios-agropecuarios.html,,2026-10-02T13:19:17,398b20df9dc7c239
Nicaragua,2026-09-24,Bolsagro,Mercado Mayoreo,Managua,mayorista,frutas,,Piña ácida,pina acida,,,Grande,,Docena (72 lb),docena,72.0,NIO,500.0,500.0,,500.0,500.0,6.9444,36.794627,13.5889,0.188734,https://www.bolsagro.com.ni/estadisticas/precios-nacionales/59-precios-agropecuarios.html,,2026-10-02T13:19:17,460caebd98f319cf
Nicaragua,2026-09-24,Bolsagro,Mercado Mayoreo,Managua,mayorista,frutas,,Piña ácida,pina acida,,,Mediano,,Docena (48 lb),docena,48.0,NIO,400.0,400.0,,400.0,400.0,8.3333,36.794627,10.8712,0.226481,https://www.bolsagro.com.ni/estadisticas/precios-nacionales/59-precios-agropecuarios.html,,2026-10-02T13:19:17,a7568d7abaa5f91e
Nicaragua,2026-09-24,Bolsagro,Mercado Mayoreo,Managua,mayorista,frutas,,Piña ácida,pina acida,,,Pequeño,,Docena (30-36 lb),docena,33.0,NIO,300.0,300.0,,300.0,300.0,9.0909,36.794627,8.1534,0.247071,https://www.bolsagro.com.ni/estadisticas/precios-nacionales/59-precios-agropecuarios.html,,2026-10-02T13:19:17,0f1156d87fb5a6ed
Nicaragua,2026-09-24,Bolsagro,Mercado Mayoreo,Managua,mayorista,frutas,,Plátano maduro,platano maduro,,,Grande,,Cien und (80-90 lb),cien,85.0,NIO,950.0,950.0,,950.0,950.0,11.1765,36.794627,25.819,0.303754,https://www.bolsagro.com.ni/estadisticas/precios-nacionales/59-precios-agropecuarios.html,,2026-10-02T13:19:17,42292fa45ac40469
Nicaragua,2026-09-24,Bolsagro,Mercado Mayoreo,Managua,mayorista,frutas,,Plátano maduro,platano maduro,,,Mediano,,Cien und (50 lb),cien,50.0,NIO,750.0,750.0,,750.0,750.0,15.0,36.794627,20.3834,0.407668,https://www.bolsagro.com.ni/estadisticas/precios-nacionales/59-precios-agropecuarios.html,,2026-10-02T13:19:17,7ceee2890eb0fc31
Nicaragua,2026-09-24,Bolsagro,Mercado Mayoreo,Managua,mayorista,frutas,,Plátano maduro,platano maduro,,,Pequeño,,Cien und (25-30 lb),cien,27.5,NIO,600.0,600.0,,600.0,600.0,21.8182,36.794627,16.3067,0.592972,https://www.bolsagro.com.ni/estadisticas/precios-nacionales/59-precios-agropecuarios.html,,2026-10-02T13:19:17,11192a006962a066
Nicaragua,2026-09-24,Bolsagro,Mercado Mayoreo,Managua,mayorista,frutas,,Plátano verde,platano verde,,,Grande,,Cien und (80-90 lb),cien,85.0,NIO,950.0,950.0,,950.0,950.0,11.1765,36.794627,25.819,0.303754,https://www.bolsagro.com.ni/estadisticas/precios-nacionales/59-precios-agropecuarios.html,,2026-10-02T13:19:17,cb82c431cb4b6b71
Nicaragua,2026-09-24,Bolsagro,Mercado Mayoreo,Managua,mayorista,frutas,,Plátano verde,platano verde,,,Mediano,,Cien und (50 lb),cien,50.0,NIO,750.0,750.0,,750.0,750.0,15.0,36.794627,20.3834,0.407668,https://www.bolsagro.com.ni/estadisticas/precios-nacionales/59-precios-agropecuarios.html,,2026-10-02T13:19:17,dd7229caac864851
Nicaragua,2026-09-24,Bolsagro,Mercado Mayoreo,Managua,mayorista,frutas,,Plátano verde,platano verde,,,Pequeño,,Cien und (25-30 lb),cien,27.5,NIO,600.0,600.0,,600.0,600.0,21.8182,36.794627,16.3067,0.592972,https://www.bolsagro.com.ni/estadisticas/precios-nacionales/59-precios-agropecuarios.html,,2026-10-02T13:19:17,22fa63e4686703f5
Nicaragua,2026-09-24,Bolsagro,Mercado Mayoreo,Managua,mayorista,frutas,,Sandía Mickey Lee,sandia mickey lee,,,Grande,,Docena (180 lb),docena,180.0,NIO,500.0,500.0,,500.0,500.0,2.7778,36.794627,13.5889,0.075495,https://www.bolsagro.com.ni/estadisticas/precios-nacionales/59-precios-agropecuarios.html,,2026-10-02T13:19:17,98cda731198420aa
Nicaragua,2026-09-24,Bolsagro,Mercado Mayoreo,Managua,mayorista,frutas,,Sandía Mickey Lee,sandia mickey lee,,,Mediano,,Docena (108-132 lb),docena,120.0,NIO,400.0,400.0,,400.0,400.0,3.3333,36.794627,10.8712,0.090592,https://www.bolsagro.com.ni/estadisticas/precios-nacionales/59-precios-agropecuarios.html,,2026-10-02T13:19:17,23c115e53d2b4e8f
Nicaragua,2026-09-24,Bolsagro,Mercado Mayoreo,Managua,mayorista,frutas,,Sandía Mickey Lee,sandia mickey lee,,,Pequeño,,Docena (48-72 lb),docena,60.0,NIO,400.0,400.0,,400.0,400.0,6.6667,36.794627,10.8712,0.181187,https://www.bolsagro.com.ni/estadisticas/precios-nacionales/59-precios-agropecuarios.html,,2026-10-02T13:19:17,08a9b0218853ac75
Nicaragua,2026-09-24,Bolsagro,Mercado Mayoreo,Managua,mayorista,frutas,,Tamarindo sin cáscara,tamarindo sin cascara,,,Mediano,,Quintal (100 lb),quintal,100.0,NIO,5600.0,5600.0,,5600.0,5600.0,56.0,36.794627,152.1961,1.521961,https://www.bolsagro.com.ni/estadisticas/precios-nacionales/59-precios-agropecuarios.html,,2026-10-02T13:19:17,12fdcef88f9f3321
Nicaragua,2026-09-24,Bolsagro,Mercado Oriental,Managua,mayorista,granos,,Arroz (70/30),arroz (70/30),,,,,Quintal (100 lb),quintal,100.0,NIO,1850.0,1850.0,,1850.0,1850.0,18.5,36.794627,50.2791,0.502791,https://www.bolsagro.com.ni/estadisticas/precios-nacionales/59-precios-agropecuarios.html,,2026-10-02T13:19:17,6d7ac022584afd21
Nicaragua,2026-09-24,Bolsagro,Mercado Oriental,Managua,minorista,granos,,Arroz (70/30),arroz (70/30),,,,,Libra,libra,1.0,NIO,20.0,20.0,,20.0,20.0,20.0,36.794627,0.5436,0.543558,https://www.bolsagro.com.ni/estadisticas/precios-nacionales/59-precios-agropecuarios.html,,2026-10-02T13:19:17,a91817b63f06f542
Nicaragua,2026-09-24,Bolsagro,Mercado Oriental,Managua,mayorista,granos,,Arroz (80/20),arroz (80/20),,,,,Quintal (100 lb),quintal,100.0,NIO,2100.0,2100.0,,2100.0,2100.0,21.0,36.794627,57.0736,0.570736,https://www.bolsagro.com.ni/estadisticas/precios-nacionales/59-precios-agropecuarios.html,,2026-10-02T13:19:17,1cc08cfbdeb0cb52
Nicaragua,2026-09-24,Bolsagro,Mercado Oriental,Managua,minorista,granos,,Arroz (80/20),arroz (80/20),,,,,Libra,libra,1.0,NIO,22.0,22.0,,22.0,22.0,22.0,36.794627,0.5979,0.597913,https://www.bolsagro.com.ni/estadisticas/precios-nacionales/59-precios-agropecuarios.html,,2026-10-02T13:19:17,b51a90794f31026e
Nicaragua,2026-09-24,Bolsagro,Mercado Oriental,Managua,mayorista,granos,,Arroz (96/4),arroz (96/4),,,,,Quintal (100 lb),quintal,100.0,NIO,2360.0,2360.0,,2360.0,2360.0,23.6,36.794627,64.1398,0.641398,https://www.bolsagro.com.ni/estadisticas/precios-nacionales/59-precios-agropecuarios.html,,2026-10-02T13:19:17,468cdd29a4665b0f
Nicaragua,2026-09-24,Bolsagro,Mercado Oriental,Managua,minorista,granos,,Arroz (96/4),arroz (96/4),,,,,Libra,libra,1.0,NIO,25.0,25.0,,25.0,25.0,25.0,36.794627,0.6794,0.679447,https://www.bolsagro.com.ni/estadisticas/precios-nacionales/59-precios-agropecuarios.html,,2026-10-02T13:19:17,397daf878b04d733
Nicaragua,2026-09-24,Bolsagro,Mercado Oriental,Managua,mayorista,granos,,Arroz puntilla,arroz puntilla,,,,,Quintal (100 lb),quintal,100.0,NIO,850.0,850.0,,850.0,850.0,8.5,36.794627,23.1012,0.231012,https://www.bolsagro.com.ni/estadisticas/precios-nacionales/59-precios-agropecuarios.html,,2026-10-02T13:19:17,70637523d6855495
Nicaragua,2026-09-24,Bolsagro,Mercado Oriental,Managua,mayorista,granos,,Cacao,cacao,,,,,Quintal (100 lb),quintal,100.0,NIO,7600.0,7600.0,,7600.0,7600.0,76.0,36.794627,206.5519,2.065519,https://www.bolsagro.com.ni/estadisticas/precios-nacionales/59-precios-agropecuarios.html,,2026-10-02T13:19:17,43c4302a14d46f79
Nicaragua,2026-09-24,Bolsagro,Mercado Oriental,Managua,mayorista,granos,,Frijol rojo,frijol rojo,,,,,Quintal (100 lb),quintal,100.0,NIO,2850.0,2850.0,,2850.0,2850.0,28.5,36.794627,77.457,0.77457,https://www.bolsagro.com.ni/estadisticas/precios-nacionales/59-precios-agropecuarios.html,,2026-10-02T13:19:17,1f3c2a38d9cd4acd
Nicaragua,2026-09-24,Bolsagro,Mercado Oriental,Managua,minorista,granos,,Frijol rojo,frijol rojo,,,,,Libra,libra,1.0,NIO,30.0,30.0,,30.0,30.0,30.0,36.794627,0.8153,0.815336,https://www.bolsagro.com.ni/estadisticas/precios-nacionales/59-precios-agropecuarios.html,,2026-10-02T13:19:17,db95e70764f5f97b
Nicaragua,2026-09-24,Bolsagro,Mercado Oriental,Managua,mayorista,granos,,Frijol tinto,frijol tinto,,,,,Quintal (100 lb),quintal,100.0,NIO,2850.0,2850.0,,2850.0,2850.0,28.5,36.794627,77.457,0.77457,https://www.bolsagro.com.ni/estadisticas/precios-nacionales/59-precios-agropecuarios.html,,2026-10-02T13:19:17,7b1559014857f0e3
Nicaragua,2026-09-24,Bolsagro,Mercado Oriental,Managua,minorista,granos,,Frijol tinto,frijol tinto,,,,,Libra,libra,1.0,NIO,30.0,30.0,,30.0,30.0,30.0,36.794627,0.8153,0.815336,https://www.bolsagro.com.ni/estadisticas/precios-nacionales/59-precios-agropecuarios.html,,2026-10-02T13:19:17,6645a4e5b2ad9679
Nicaragua,2026-09-24,Bolsagro,Mercado Oriental,Managua,mayorista,granos,,Maíz blanco,maiz blanco,,,,,Quintal (100 lb),quintal,100.0,NIO,1300.0,1300.0,,1300.0,1300.0,13.0,36.794627,35.3312,0.353312,https://www.bolsagro.com.ni/estadisticas/precios-nacionales/59-precios-agropecuarios.html,,2026-10-02T13:19:17,fb8c50139ba7cb2d
Nicaragua,2026-09-24,Bolsagro,Mercado Oriental,Managua,minorista,granos,,Maíz blanco,maiz blanco,,,,,Libra,libra,1.0,NIO,14.0,14.0,,14.0,14.0,14.0,36.794627,0.3805,0.38049,https://www.bolsagro.com.ni/estadisticas/precios-nacionales/59-precios-agropecuarios.html,,2026-10-02T13:19:17,47e5c206d4c97f53
Nicaragua,2026-09-24,Bolsagro,Mercado Oriental,Managua,mayorista,granos,,Semilla jícaro,semilla jicaro,,,,,Quintal (100 lb),quintal,100.0,NIO,4300.0,4300.0,,4300.0,4300.0,43.0,36.794627,116.8649,1.168649,https://www.bolsagro.com.ni/estadisticas/precios-nacionales/59-precios-agropecuarios.html,,2026-10-02T13:19:17,6cfef02a631664b2
Nicaragua,2026-09-24,Bolsagro,Mercado Oriental,Managua,mayorista,granos,,Sorgo blanco,sorgo blanco,,,,,Quintal (100 lb),quintal,100.0,NIO,1300.0,1300.0,,1300.0,1300.0,13.0,36.794627,35.3312,0.353312,https://www.bolsagro.com.ni/estadisticas/precios-nacionales/59-precios-agropecuarios.html,,2026-10-02T13:19:17,288c7379df24084d
Nicaragua,2026-09-24,Bolsagro,Mercado Oriental,Managua,minorista,granos,,Sorgo blanco,sorgo blanco,,,,,Libra,libra,1.0,NIO,15.0,15.0,,15.0,15.0,15.0,36.794627,0.4077,0.407668,https://www.bolsagro.com.ni/estadisticas/precios-nacionales/59-precios-agropecuarios.html,,2026-10-02T13:19:17,36347bfa736dcd83
Nicaragua,2026-09-24,Bolsagro,Mercado Oriental,Managua,mayorista,granos,,Sorgo rojo,sorgo rojo,,,,,Quintal (100 lb),quintal,100.0,NIO,1400.0,1400.0,,1400.0,1400.0,14.0,36.794627,38.049,0.38049,https://www.bolsagro.com.ni/estadisticas/precios-nacionales/59-precios-agropecuarios.html,,2026-10-02T13:19:17,11864b804cc4a7ce
Nicaragua,2026-09-24,Bolsagro,Mercado Oriental,Managua,mayorista,granos,,Soya,soya,,,,,Quintal (100 lb),quintal,100.0,NIO,4600.0,4600.0,,4600.0,4600.0,46.0,36.794627,125.0183,1.250183,https://www.bolsagro.com.ni/estadisticas/precios-nacionales/59-precios-agropecuarios.html,,2026-10-02T13:19:17,6c0e10ad5dcf9590
Nicaragua,2026-09-24,Bolsagro,Mercado Mayoreo,Managua,mayorista,hortalizas,,"Ajo blanco, CAT 1","ajo blanco, cat 1",,,Calibre 50 mm,,Caja (10 kg),caja,22.0462,NIO,1000.0,1000.0,,1000.0,1000.0,45.3593,36.794627,27.1779,1.23277,https://www.bolsagro.com.ni/estadisticas/precios-nacionales/59-precios-agropecuarios.html,,2026-10-02T13:19:17,64b53c9c665da94f
Nicaragua,2026-09-24,Bolsagro,Mercado Mayoreo,Managua,mayorista,hortalizas,,"Ajo blanco, CAT 1","ajo blanco, cat 1",,,Calibre 50 mm,,Caja (5kg),caja,11.0231,NIO,500.0,500.0,,500.0,500.0,45.3593,36.794627,13.5889,1.23277,https://www.bolsagro.com.ni/estadisticas/precios-nacionales/59-precios-agropecuarios.html,,2026-10-02T13:19:17,58c7df419baba90a
Nicaragua,2026-09-24,Bolsagro,Mercado Mayoreo,Managua,mayorista,hortalizas,,Apio,apio,,,Mediano,,Saco 30 mazos (80-90 lb),saco,85.0,NIO,1900.0,1900.0,,1900.0,1900.0,22.3529,36.794627,51.638,0.607504,https://www.bolsagro.com.ni/estadisticas/precios-nacionales/59-precios-agropecuarios.html,,2026-10-02T13:19:17,028b8da4ab00afd5
Nicaragua,2026-09-24,Bolsagro,Mercado Mayoreo,Managua,mayorista,hortalizas,,Ayote maduro,ayote maduro,,,Grande,,Docena (180 lb),docena,180.0,NIO,750.0,750.0,,750.0,750.0,4.1667,36.794627,20.3834,0.113242,https://www.bolsagro.com.ni/estadisticas/precios-nacionales/59-precios-agropecuarios.html,,2026-10-02T13:19:17,11851c81d42c75a5
Nicaragua,2026-09-24,Bolsagro,Mercado Mayoreo,Managua,mayorista,hortalizas,,Ayote maduro,ayote maduro,,,Mediano,,Docena (120 lb),docena,120.0,NIO,450.0,450.0,,450.0,450.0,3.75,36.794627,12.23,0.101917,https://www.bolsagro.com.ni/estadisticas/precios-nacionales/59-precios-agropecuarios.html,,2026-10-02T13:19:17,b2cdcee43ab61bd9
Nicaragua,2026-09-24,Bolsagro,Mercado Mayoreo,Managua,mayorista,hortalizas,,Ayote tierno,ayote tierno,,,Pequeño,,Docena (60 lb),docena,60.0,NIO,250.0,250.0,,250.0,250.0,4.1667,36.794627,6.7945,0.113242,https://www.bolsagro.com.ni/estadisticas/precios-nacionales/59-precios-agropecuarios.html,,2026-10-02T13:19:17,7f84fc03438a3e05
Nicaragua,2026-09-24,Bolsagro,Mercado Mayoreo,Managua,mayorista,hortalizas,,Brócoli,brocoli,,,Pequeño,,Docena (12 lb),docena,12.0,NIO,550.0,550.0,,550.0,550.0,45.8333,36.794627,14.9478,1.245652,https://www.bolsagro.com.ni/estadisticas/precios-nacionales/59-precios-agropecuarios.html,,2026-10-02T13:19:17,cfde9f0566efbbbd
Nicaragua,2026-09-24,Bolsagro,Mercado Mayoreo,Managua,mayorista,hortalizas,,Cebolla amarilla seca,cebolla amarilla seca,,,Mediano,,Saco (50 lb),saco,50.0,NIO,850.0,850.0,,850.0,850.0,17.0,36.794627,23.1012,0.462024,https://www.bolsagro.com.ni/estadisticas/precios-nacionales/59-precios-agropecuarios.html,,2026-10-02T13:19:17,7954cc307441d624
Nicaragua,2026-09-24,Bolsagro,Mercado Mayoreo,Managua,mayorista,hortalizas,,Cebolla amarilla seca,cebolla amarilla seca,,,Pequeño,,Saco (50 lb),saco,50.0,NIO,800.0,800.0,,800.0,800.0,16.0,36.794627,21.7423,0.434846,https://www.bolsagro.com.ni/estadisticas/precios-nacionales/59-precios-agropecuarios.html,,2026-10-02T13:19:17,5e20c64b211915a9
Nicaragua,2026-09-24,Bolsagro,Mercado Mayoreo,Managua,mayorista,hortalizas,,Chayote verde oscuro,chayote verde oscuro,,,Grande,,Saco de 200 und (150 lb),saco,150.0,NIO,1500.0,1500.0,,1500.0,1500.0,10.0,36.794627,40.7668,0.271779,https://www.bolsagro.com.ni/estadisticas/precios-nacionales/59-precios-agropecuarios.html,,2026-10-02T13:19:17,2216b2726d84fb3f
Nicaragua,2026-09-24,Bolsagro,Mercado Mayoreo,Managua,mayorista,hortalizas,,Chile Jalapeño,chile jalapeno,,,Mediano,,Quintal (100 lb),quintal,100.0,NIO,650.0,650.0,,650.0,650.0,6.5,36.794627,17.6656,0.176656,https://www.bolsagro.com.ni/estadisticas/precios-nacionales/59-precios-agropecuarios.html,,2026-10-02T13:19:17,705d22d2c0666f0f
Nicaragua,2026-09-24,Bolsagro,Mercado Mayoreo,Managua,mayorista,hortalizas,,Chilote,chilote,,,Mediano,,Cien und (30-35 lb),cien,32.5,NIO,220.0,220.0,,220.0,220.0,6.7692,36.794627,5.9791,0.183973,https://www.bolsagro.com.ni/estadisticas/precios-nacionales/59-precios-agropecuarios.html,,2026-10-02T13:19:17,da781c0911020091
Nicaragua,2026-09-24,Bolsagro,Mercado Mayoreo,Managua,mayorista,hortalizas,,Chiltoma,chiltoma,,,Mediano,,Saco (50-60 lb),saco,55.0,NIO,800.0,800.0,,800.0,800.0,14.5455,36.794627,21.7423,0.395316,https://www.bolsagro.com.ni/estadisticas/precios-nacionales/59-precios-agropecuarios.html,,2026-10-02T13:19:17,57749c2809b0de0a
Nicaragua,2026-09-24,Bolsagro,Mercado Mayoreo,Managua,mayorista,hortalizas,,Coliflor,coliflor,,,Mediano,,Docena (24 lb),docena,24.0,NIO,600.0,600.0,,600.0,600.0,25.0,36.794627,16.3067,0.679447,https://www.bolsagro.com.ni/estadisticas/precios-nacionales/59-precios-agropecuarios.html,,2026-10-02T13:19:17,452aba176dbb5cb1
Nicaragua,2026-09-24,Bolsagro,Mercado Mayoreo,Managua,mayorista,hortalizas,,Culantro,culantro,,,Mediano,,Mazo (2.5-3 oz),mazo,0.1719,NIO,50.0,50.0,,50.0,50.0,290.8668,36.794627,1.3589,7.905143,https://www.bolsagro.com.ni/estadisticas/precios-nacionales/59-precios-agropecuarios.html,,2026-10-02T13:19:17,9c6f4c9b521b4aca
Nicaragua,2026-09-24,Bolsagro,Mercado Mayoreo,Managua,mayorista,hortalizas,,Elote blanco,elote blanco,,,Mediano,,Cien und (70-80 lb),cien,75.0,NIO,750.0,750.0,,750.0,750.0,10.0,36.794627,20.3834,0.271779,https://www.bolsagro.com.ni/estadisticas/precios-nacionales/59-precios-agropecuarios.html,,2026-10-02T13:19:17,b345a978d2505343
Nicaragua,2026-09-24,Bolsagro,Mercado Mayoreo,Managua,mayorista,hortalizas,,Hierbabuena,hierbabuena,,,Mediano,,Canasto 30 doc (50-60 lb),canasto,55.0,NIO,1500.0,1500.0,,1500.0,1500.0,27.2727,36.794627,40.7668,0.741214,https://www.bolsagro.com.ni/estadisticas/precios-nacionales/59-precios-agropecuarios.html,,2026-10-02T13:19:17,21cc92d54881f8b4
Nicaragua,2026-09-24,Bolsagro,Mercado Mayoreo,Managua,mayorista,hortalizas,,Lechuga Iceberg,lechuga iceberg,,,Mediano,,Docena (16-18 lb),docena,17.0,NIO,470.0,470.0,,470.0,470.0,27.6471,36.794627,12.7736,0.75139,https://www.bolsagro.com.ni/estadisticas/precios-nacionales/59-precios-agropecuarios.html,,2026-10-02T13:19:17,22e13f63b3e4b613
Nicaragua,2026-09-24,Bolsagro,Mercado Mayoreo,Managua,mayorista,hortalizas,,Lechuga Iceberg,lechuga iceberg,,,Pequeño,,Docena (9-14 lb),docena,11.5,NIO,400.0,400.0,,400.0,400.0,34.7826,36.794627,10.8712,0.945317,https://www.bolsagro.com.ni/estadisticas/precios-nacionales/59-precios-agropecuarios.html,,2026-10-02T13:19:17,174247dbd8fcc51c
Nicaragua,2026-09-24,Bolsagro,Mercado Mayoreo,Managua,mayorista,hortalizas,,Papa blanca,papa blanca,,,Mediano,,Quintal (100 lb),quintal,100.0,NIO,2500.0,2500.0,,2500.0,2500.0,25.0,36.794627,67.9447,0.679447,https://www.bolsagro.com.ni/estadisticas/precios-nacionales/59-precios-agropecuarios.html,,2026-10-02T13:19:17,71c8377cb308c338
Nicaragua,2026-09-24,Bolsagro,Mercado Mayoreo,Managua,mayorista,hortalizas,,Pepino,pepino,,,Mediano,,Saco (150 lb),saco,150.0,NIO,600.0,600.0,,600.0,600.0,4.0,36.794627,16.3067,0.108712,https://www.bolsagro.com.ni/estadisticas/precios-nacionales/59-precios-agropecuarios.html,,2026-10-02T13:19:17,ca871ae74e7b5b68
Nicaragua,2026-09-24,Bolsagro,Mercado Mayoreo,Managua,mayorista,hortalizas,,Perejil,perejil,,,Mediano,,Mazo (6-8 oz),mazo,0.4375,NIO,40.0,40.0,,40.0,40.0,91.4286,36.794627,1.0871,2.484836,https://www.bolsagro.com.ni/estadisticas/precios-nacionales/59-precios-agropecuarios.html,,2026-10-02T13:19:17,4d5da7cf7503b443
Nicaragua,2026-09-24,Bolsagro,Mercado Mayoreo,Managua,mayorista,hortalizas,,Pipián,pipian,,,Mediano,,Docena (8-9 lb),docena,8.5,NIO,150.0,150.0,,150.0,150.0,17.6471,36.794627,4.0767,0.479611,https://www.bolsagro.com.ni/estadisticas/precios-nacionales/59-precios-agropecuarios.html,,2026-10-02T13:19:17,51ecabca790ed528
Nicaragua,2026-09-24,Bolsagro,Mercado Mayoreo,Managua,mayorista,hortalizas,,Quequisque,quequisque,,,Mediano,,Saco (110-130 lb),saco,120.0,NIO,2000.0,2000.0,,2000.0,2000.0,16.6667,36.794627,54.3558,0.452966,https://www.bolsagro.com.ni/estadisticas/precios-nacionales/59-precios-agropecuarios.html,,2026-10-02T13:19:17,05635ef49284d9a0
Nicaragua,2026-09-24,Bolsagro,Mercado Mayoreo,Managua,mayorista,hortalizas,,Remolacha,remolacha,,,Grande,,Saco (95-100 lb),saco,97.5,NIO,1200.0,1200.0,,1200.0,1200.0,12.3077,36.794627,32.6135,0.334497,https://www.bolsagro.com.ni/estadisticas/precios-nacionales/59-precios-agropecuarios.html,,2026-10-02T13:19:17,11d16a69dbf6c747
Nicaragua,2026-09-24,Bolsagro,Mercado Mayoreo,Managua,mayorista,hortalizas,,Repollo verde,repollo verde,,,Grande,,"Cien und (1,000-1,200 lb)",cien,200.0,NIO,3700.0,3700.0,,3700.0,3700.0,18.5,36.794627,100.5582,0.502791,https://www.bolsagro.com.ni/estadisticas/precios-nacionales/59-precios-agropecuarios.html,,2026-10-02T13:19:17,884a31a292868582
Nicaragua,2026-09-24,Bolsagro,Mercado Mayoreo,Managua,mayorista,hortalizas,,Repollo verde,repollo verde,,,Mediano,,Cien und (800 lb),cien,800.0,NIO,3500.0,3500.0,,3500.0,3500.0,4.375,36.794627,95.1226,0.118903,https://www.bolsagro.com.ni/estadisticas/precios-nacionales/59-precios-agropecuarios.html,,2026-10-02T13:19:17,7d7690fc268c6ad2
Nicaragua,2026-09-24,Bolsagro,Mercado Mayoreo,Managua,mayorista,hortalizas,,Repollo verde,repollo verde,,,Pequeño,,Cien und (500 lb),cien,500.0,NIO,2500.0,2500.0,,2500.0,2500.0,5.0,36.794627,67.9447,0.135889,https://www.bolsagro.com.ni/estadisticas/precios-nacionales/59-precios-agropecuarios.html,,2026-10-02T13:19:17,1712b7c114855fa2
Nicaragua,2026-09-24,Bolsagro,Mercado Mayoreo,Managua,mayorista,hortalizas,,Rábano,rabano,,,Mediano,,Mazo (1.5-2 lb),mazo,1.75,NIO,40.0,40.0,,40.0,40.0,22.8571,36.794627,1.0871,0.621208,https://www.bolsagro.com.ni/estadisticas/precios-nacionales/59-precios-agropecuarios.html,,2026-10-02T13:19:17,82f0553b4835c437
Nicaragua,2026-09-24,Bolsagro,Mercado Mayoreo,Managua,mayorista,hortalizas,,Tomate pera,tomate pera,,,Mediano,,Cesta plástica (45-50 lb),cesta,47.5,NIO,750.0,750.0,,750.0,750.0,15.7895,36.794627,20.3834,0.429125,https://www.bolsagro.com.ni/estadisticas/precios-nacionales/59-precios-agropecuarios.html,,2026-10-02T13:19:17,cf07ea11daf49c9e
Nicaragua,2026-09-24,Bolsagro,Mercado Mayoreo,Managua,mayorista,hortalizas,,Tomate pera,tomate pera,,,Pequeño,,Cesta plástica (45-50 lb),cesta,47.5,NIO,650.0,650.0,,650.0,650.0,13.6842,36.794627,17.6656,0.371908,https://www.bolsagro.com.ni/estadisticas/precios-nacionales/59-precios-agropecuarios.html,,2026-10-02T13:19:17,334f5fe6f19c30a9
Nicaragua,2026-09-24,Bolsagro,Mercado Mayoreo,Managua,mayorista,hortalizas,,Yuca blanca,yuca blanca,,,Mediano,,Saco (100 lb),saco,100.0,NIO,900.0,900.0,,900.0,900.0,9.0,36.794627,24.4601,0.244601,https://www.bolsagro.com.ni/estadisticas/precios-nacionales/59-precios-agropecuarios.html,,2026-10-02T13:19:17,bba8e04c7142438a
Nicaragua,2026-09-24,Bolsagro,Mercado Mayoreo,Managua,mayorista,hortalizas,,Zanahoria,zanahoria,,,Grande,,Saco (80 lb),saco,80.0,NIO,1200.0,1200.0,,1200.0,1200.0,15.0,36.794627,32.6135,0.407668,https://www.bolsagro.com.ni/estadisticas/precios-nacionales/59-precios-agropecuarios.html,,2026-10-02T13:19:17,3046a349bcca4b31
Nicaragua,2026-09-24,Bolsagro,Mercado Oriental,Managua,minorista,huevos,Otros,Huevo blanco grande de gallina,huevo blanco grande de gallina,,,,,Cajilla de 30 und (3.75 lb),cajilla,3.75,NIO,200.0,200.0,,200.0,200.0,53.3333,36.794627,5.4356,1.449486,https://www.bolsagro.com.ni/estadisticas/precios-nacionales/59-precios-agropecuarios.html,,2026-10-02T13:19:17,bfc81b66c3643d17
Nicaragua,2026-09-24,Bolsagro,Mercado Oriental,Managua,minorista,huevos,Otros,Huevo blanco mediano de gallina,huevo blanco mediano de gallina,,,,,Cajilla de 30 und (3.30 lb),cajilla,3.3,NIO,190.0,190.0,,190.0,190.0,57.5758,36.794627,5.1638,1.564788,https://www.bolsagro.com.ni/estadisticas/precios-nacionales/59-precios-agropecuarios.html,,2026-10-02T13:19:17,f400ae07c8204566
Nicaragua,2026-09-24,Bolsagro,Mercado Oriental,Managua,minorista,huevos,Otros,Huevo rojo grande de gallina,huevo rojo grande de gallina,,,,,Cajilla de 30 und (3.75 lb),cajilla,3.75,NIO,200.0,200.0,,200.0,200.0,53.3333,36.794627,5.4356,1.449486,https://www.bolsagro.com.ni/estadisticas/precios-nacionales/59-precios-agropecuarios.html,,2026-10-02T13:19:17,19ad4c89f147577a
Nicaragua,2026-09-24,Bolsagro,Mercado Oriental,Managua,minorista,huevos,Otros,Huevo rojo mediano de gallina,huevo rojo mediano de gallina,,,,,Cajilla de 30 und (3.30 lb),cajilla,3.3,NIO,190.0,190.0,,190.0,190.0,57.5758,36.794627,5.1638,1.564788,https://www.bolsagro.com.ni/estadisticas/precios-nacionales/59-precios-agropecuarios.html,,2026-10-02T13:19:17,ead920f1d955b159
Nicaragua,2026-09-24,Bolsagro,Mercado Oriental,Managua,minorista,lacteos,Lácteos,Crema,crema,,,,,Libra,libra,1.0,NIO,60.0,60.0,,60.0,60.0,60.0,36.794627,1.6307,1.630673,https://www.bolsagro.com.ni/estadisticas/precios-nacionales/59-precios-agropecuarios.html,,2026-10-02T13:19:17,6bcf8335febe7dd6
Nicaragua,2026-09-24,Bolsagro,Mercado Oriental,Managua,minorista,lacteos,Otros,Leche fluida pasteurizada,leche fluida pasteurizada,,,,,Litro (Cartón),litro,,NIO,57.0,57.0,,57.0,57.0,,36.794627,1.5491,,https://www.bolsagro.com.ni/estadisticas/precios-nacionales/59-precios-agropecuarios.html,,2026-10-02T13:19:17,ba65c2189329f93b
Nicaragua,2026-09-24,Bolsagro,Mercado Oriental,Managua,minorista,lacteos,Lácteos,Mantequilla,mantequilla,,,,,Libra,libra,1.0,NIO,60.0,60.0,,60.0,60.0,60.0,36.794627,1.6307,1.630673,https://www.bolsagro.com.ni/estadisticas/precios-nacionales/59-precios-agropecuarios.html,,2026-10-02T13:19:17,6e6bedeb190210a7
Nicaragua,2026-09-24,Bolsagro,Mercado Oriental,Managua,minorista,lacteos,Lácteos,Queso fresco,queso fresco,,,,,Libra,libra,1.0,NIO,70.0,70.0,,70.0,70.0,70.0,36.794627,1.9025,1.902452,https://www.bolsagro.com.ni/estadisticas/precios-nacionales/59-precios-agropecuarios.html,,2026-10-02T13:19:17,f07d2710d6d6b623
Nicaragua,2026-09-24,Bolsagro,Mercado Oriental,Managua,minorista,lacteos,Lácteos,Queso seco,queso seco,,,,,Libra,libra,1.0,NIO,75.0,75.0,,75.0,75.0,75.0,36.794627,2.0383,2.038341,https://www.bolsagro.com.ni/estadisticas/precios-nacionales/59-precios-agropecuarios.html,,2026-10-02T13:19:17,571907201242addd
Nicaragua,2026-09-24,Bolsagro,Mercado Oriental,Managua,minorista,pesca,Mariscos,Camarón,camaron,,,,,Libra,libra,1.0,NIO,230.0,230.0,,230.0,230.0,230.0,36.794627,6.2509,6.250913,https://www.bolsagro.com.ni/estadisticas/precios-nacionales/59-precios-agropecuarios.html,,2026-10-02T13:19:17,fe011aee598d5767
Nicaragua,2026-09-24,Bolsagro,Mercado Oriental,Managua,minorista,pesca,Mariscos,Filete de Corvina,filete de corvina,,,,,Libra,libra,1.0,NIO,140.0,140.0,,140.0,140.0,140.0,36.794627,3.8049,3.804903,https://www.bolsagro.com.ni/estadisticas/precios-nacionales/59-precios-agropecuarios.html,,2026-10-02T13:19:17,a023500164c0a5af
Nicaragua,2026-09-24,Bolsagro,Mercado Oriental,Managua,minorista,pesca,Mariscos,Filete de Dorado,filete de dorado,,,,,Libra,libra,1.0,NIO,150.0,150.0,,150.0,150.0,150.0,36.794627,4.0767,4.076682,https://www.bolsagro.com.ni/estadisticas/precios-nacionales/59-precios-agropecuarios.html,,2026-10-02T13:19:17,33bae8d15e42189e
Nicaragua,2026-09-24,Bolsagro,Mercado Oriental,Managua,minorista,pesca,Mariscos,Filete de Robalo,filete de robalo,,,,,Libra,libra,1.0,NIO,110.0,110.0,,110.0,110.0,110.0,36.794627,2.9896,2.989567,https://www.bolsagro.com.ni/estadisticas/precios-nacionales/59-precios-agropecuarios.html,,2026-10-02T13:19:17,d6faf4273db0543e
Nicaragua,2026-09-24,Bolsagro,Mercado Oriental,Managua,minorista,pesca,Mariscos,Filete de Roncador,filete de roncador,,,,,Libra,libra,1.0,NIO,110.0,110.0,,110.0,110.0,110.0,36.794627,2.9896,2.989567,https://www.bolsagro.com.ni/estadisticas/precios-nacionales/59-precios-agropecuarios.html,,2026-10-02T13:19:17,304879ce020ba4e5
Nicaragua,2026-09-24,Bolsagro,Mercado Oriental,Managua,minorista,pesca,Mariscos,Filete de tiburón,filete de tiburon,,,,,Libra,libra,1.0,NIO,110.0,110.0,,110.0,110.0,110.0,36.794627,2.9896,2.989567,https://www.bolsagro.com.ni/estadisticas/precios-nacionales/59-precios-agropecuarios.html,,2026-10-02T13:19:17,bafb2afa5eb2a96a
Nicaragua,2026-09-24,Bolsagro,Mercado Oriental,Managua,minorista,pesca,Mariscos,Pescado Corvina,pescado corvina,,,,,Libra,libra,1.0,NIO,100.0,100.0,,100.0,100.0,100.0,36.794627,2.7178,2.717788,https://www.bolsagro.com.ni/estadisticas/precios-nacionales/59-precios-agropecuarios.html,,2026-10-02T13:19:17,ed4d96f69ab2c1cc
Nicaragua,2026-09-24,Bolsagro,Mercado Oriental,Managua,minorista,pesca,Mariscos,Pescado Macarela,pescado macarela,,,,,Libra,libra,1.0,NIO,100.0,100.0,,100.0,100.0,100.0,36.794627,2.7178,2.717788,https://www.bolsagro.com.ni/estadisticas/precios-nacionales/59-precios-agropecuarios.html,,2026-10-02T13:19:17,c6a89b8048fb6385
Nicaragua,2026-09-24,Bolsagro,Mercado Oriental,Managua,minorista,pesca,Mariscos,Pescado Pargo,pescado pargo,,,,,Libra,libra,1.0,NIO,140.0,140.0,,140.0,140.0,140.0,36.794627,3.8049,3.804903,https://www.bolsagro.com.ni/estadisticas/precios-nacionales/59-precios-agropecuarios.html,,2026-10-02T13:19:17,42ef9acc890b2d2d
Nicaragua,2026-10-01,Bolsagro,Mercado Oriental,Managua,minorista,abarrotes,Otros,Aceite vegetal,aceite vegetal,,,,,Envase plástico (1 litro),litro,,NIO,88.0,88.0,,88.0,88.0,,36.811356,2.3906,,https://www.bolsagro.com.ni/estadisticas/precios-nacionales/59-precios-agropecuarios.html,,2026-10-06T13:21:12,16fc97a33d6c3fd0
Nicaragua,2026-10-01,Bolsagro,Mercado Oriental,Managua,minorista,abarrotes,Otros,Azúcar,azucar,,,,,Libra,libra,1.0,NIO,16.0,16.0,,16.0,16.0,16.0,36.811356,0.4346,0.434648,https://www.bolsagro.com.ni/estadisticas/precios-nacionales/59-precios-agropecuarios.html,,2026-10-06T13:21:12,33aa75b31b08b498
Nicaragua,2026-10-01,Bolsagro,Mercado Oriental,Managua,minorista,carnes,Carnes,"Cerdo, costilla","cerdo, costilla",,,,,Libra,libra,1.0,NIO,95.0,95.0,,95.0,95.0,95.0,36.811356,2.5807,2.580725,https://www.bolsagro.com.ni/estadisticas/precios-nacionales/59-precios-agropecuarios.html,,2026-10-06T13:21:12,e937da5a729806a4
Nicaragua,2026-10-01,Bolsagro,Mercado Oriental,Managua,minorista,carnes,Carnes,"Cerdo, posta","cerdo, posta",,,,,Libra,libra,1.0,NIO,95.0,95.0,,95.0,95.0,95.0,36.811356,2.5807,2.580725,https://www.bolsagro.com.ni/estadisticas/precios-nacionales/59-precios-agropecuarios.html,,2026-10-06T13:21:12,d814fc9794c4d637
Nicaragua,2026-10-01,Bolsagro,Mercado Oriental,Managua,minorista,carnes,Carnes,Muslos de pollo,muslos de pollo,,,,,Libra,libra,1.0,NIO,45.0,45.0,,45.0,45.0,45.0,36.811356,1.2224,1.222449,https://www.bolsagro.com.ni/estadisticas/precios-nacionales/59-precios-agropecuarios.html,,2026-10-06T13:21:12,5210ff555c03b5b8
Nicaragua,2026-10-01,Bolsagro,Mercado Oriental,Managua,minorista,carnes,Carnes,Pechuga de pollo sin alas,pechuga de pollo sin alas,,,,,Libra,libra,1.0,NIO,67.0,67.0,,67.0,67.0,67.0,36.811356,1.8201,1.820091,https://www.bolsagro.com.ni/estadisticas/precios-nacionales/59-precios-agropecuarios.html,,2026-10-06T13:21:12,6e53895ad33f8d9a
Nicaragua,2026-10-01,Bolsagro,Mercado Oriental,Managua,minorista,carnes,Carnes,Pierna entera de pollo,pierna entera de pollo,,,,,Libra,libra,1.0,NIO,52.0,52.0,,52.0,52.0,52.0,36.811356,1.4126,1.412608,https://www.bolsagro.com.ni/estadisticas/precios-nacionales/59-precios-agropecuarios.html,,2026-10-06T13:21:12,c3b7e4d0f0649246
Nicaragua,2026-10-01,Bolsagro,Mercado Oriental,Managua,minorista,carnes,Carnes,Pollo entero con menudos,pollo entero con menudos,,,,,Libra,libra,1.0,NIO,50.0,50.0,,50.0,50.0,50.0,36.811356,1.3583,1.358277,https://www.bolsagro.com.ni/estadisticas/precios-nacionales/59-precios-agropecuarios.html,,2026-10-06T13:21:12,f80f61ccea28e4fb
Nicaragua,2026-10-01,Bolsagro,Mercado Oriental,Managua,minorista,carnes,Carnes,Pollo entero sin menudos,pollo entero sin menudos,,,,,Libra,libra,1.0,NIO,50.0,50.0,,50.0,50.0,50.0,36.811356,1.3583,1.358277,https://www.bolsagro.com.ni/estadisticas/precios-nacionales/59-precios-agropecuarios.html,,2026-10-06T13:21:12,b858e2c151827408
Nicaragua,2026-10-01,Bolsagro,Mercado Oriental,Managua,minorista,carnes,Carnes,Posta de res,posta de res,,,,,Libra,libra,1.0,NIO,135.0,135.0,,135.0,135.0,135.0,36.811356,3.6673,3.667347,https://www.bolsagro.com.ni/estadisticas/precios-nacionales/59-precios-agropecuarios.html,,2026-10-06T13:21:12,d22f08ca99d6cb27
Nicaragua,2026-10-01,Bolsagro,Mercado Mayoreo,Managua,mayorista,frutas,,Aguacate,aguacate,,,Mediano,,Cien und (68 lb),cien,68.0,NIO,3200.0,3200.0,,3200.0,3200.0,47.0588,36.811356,86.9297,1.278377,https://www.bolsagro.com.ni/estadisticas/precios-nacionales/59-precios-agropecuarios.html,,2026-10-06T13:21:12,b79a229f14b7b1a1
Nicaragua,2026-10-01,Bolsagro,Mercado Mayoreo,Managua,mayorista,frutas,,Aguacate,aguacate,,,Pequeño,,Cien und (50 lb),cien,50.0,NIO,2700.0,2700.0,,2700.0,2700.0,54.0,36.811356,73.3469,1.466939,https://www.bolsagro.com.ni/estadisticas/precios-nacionales/59-precios-agropecuarios.html,,2026-10-06T13:21:12,f40a7db0f2137bbb
Nicaragua,2026-10-01,Bolsagro,Mercado Mayoreo,Managua,mayorista,frutas,,Banano maduro,banano maduro,,,Mediano,,Canasto 250 und (62-64 lb),canasto,63.0,NIO,300.0,300.0,,300.0,300.0,4.7619,36.811356,8.1497,0.12936,https://www.bolsagro.com.ni/estadisticas/precios-nacionales/59-precios-agropecuarios.html,,2026-10-06T13:21:12,aaf53992eeb62671
Nicaragua,2026-10-01,Bolsagro,Mercado Mayoreo,Managua,mayorista,frutas,,Banano verde,banano verde,,,Grande,,Cien und (50 lb),cien,50.0,NIO,330.0,330.0,,330.0,330.0,6.6,36.811356,8.9646,0.179292,https://www.bolsagro.com.ni/estadisticas/precios-nacionales/59-precios-agropecuarios.html,,2026-10-06T13:21:12,fe97278c53db050c
Nicaragua,2026-10-01,Bolsagro,Mercado Mayoreo,Managua,mayorista,frutas,,Coco seco,coco seco,,,Grande,,Cien und (180 lb),cien,180.0,NIO,2800.0,2800.0,,2800.0,2800.0,15.5556,36.811356,76.0635,0.422576,https://www.bolsagro.com.ni/estadisticas/precios-nacionales/59-precios-agropecuarios.html,,2026-10-06T13:21:12,1f87bb1901a137ab
Nicaragua,2026-10-01,Bolsagro,Mercado Mayoreo,Managua,mayorista,frutas,,Coco seco,coco seco,,,Mediano,,Cien und (160 lb),cien,160.0,NIO,2600.0,2600.0,,2600.0,2600.0,16.25,36.811356,70.6304,0.44144,https://www.bolsagro.com.ni/estadisticas/precios-nacionales/59-precios-agropecuarios.html,,2026-10-06T13:21:12,d18c579809842345
Nicaragua,2026-10-01,Bolsagro,Mercado Mayoreo,Managua,mayorista,frutas,,Limón Persa,limon persa,,,Mediano,,Cien und (20-25 lb),cien,22.5,NIO,400.0,400.0,,400.0,400.0,17.7778,36.811356,10.8662,0.482943,https://www.bolsagro.com.ni/estadisticas/precios-nacionales/59-precios-agropecuarios.html,,2026-10-06T13:21:12,32b06cc50a1b3616
Nicaragua,2026-10-01,Bolsagro,Mercado Mayoreo,Managua,mayorista,frutas,,Limón indio,limon indio,,,Mediano,,Cien und (10 lb),cien,10.0,NIO,300.0,300.0,,300.0,300.0,30.0,36.811356,8.1497,0.814966,https://www.bolsagro.com.ni/estadisticas/precios-nacionales/59-precios-agropecuarios.html,,2026-10-06T13:21:12,bdfea5e7eaa4ebb1
Nicaragua,2026-10-01,Bolsagro,Mercado Mayoreo,Managua,mayorista,frutas,,Limón indio,limon indio,,,Pequeño,,Cien und (7 lb),cien,7.0,NIO,280.0,280.0,,280.0,280.0,40.0,36.811356,7.6063,1.086621,https://www.bolsagro.com.ni/estadisticas/precios-nacionales/59-precios-agropecuarios.html,,2026-10-06T13:21:12,1471f4569d3778d7
Nicaragua,2026-10-01,Bolsagro,Mercado Mayoreo,Managua,mayorista,frutas,,Maracuyá,maracuya,,,Mediano,,Cien und (25 lb),cien,25.0,NIO,700.0,700.0,,700.0,700.0,28.0,36.811356,19.0159,0.760635,https://www.bolsagro.com.ni/estadisticas/precios-nacionales/59-precios-agropecuarios.html,,2026-10-06T13:21:12,075defbe199baebd
Nicaragua,2026-10-01,Bolsagro,Mercado Mayoreo,Managua,mayorista,frutas,,Maracuyá,maracuya,,,Pequeño,,Cien und (20 lb),cien,20.0,NIO,600.0,600.0,,600.0,600.0,30.0,36.811356,16.2993,0.814966,https://www.bolsagro.com.ni/estadisticas/precios-nacionales/59-precios-agropecuarios.html,,2026-10-06T13:21:12,e21424626fa6e67e
Nicaragua,2026-10-01,Bolsagro,Mercado Mayoreo,Managua,mayorista,frutas,,Melón Cantaloupe,melon cantaloupe,,,Mediano,,Cien und (250 lb),cien,250.0,NIO,3500.0,3500.0,,3500.0,3500.0,14.0,36.811356,95.0794,0.380317,https://www.bolsagro.com.ni/estadisticas/precios-nacionales/59-precios-agropecuarios.html,,2026-10-06T13:21:12,c744a1c03dbb0a23
Nicaragua,2026-10-01,Bolsagro,Mercado Mayoreo,Managua,mayorista,frutas,,Naranja Valencia,naranja valencia,,,Grande,,Cien und (95-105 lb),cien,100.0,NIO,300.0,300.0,,300.0,300.0,3.0,36.811356,8.1497,0.081497,https://www.bolsagro.com.ni/estadisticas/precios-nacionales/59-precios-agropecuarios.html,,2026-10-06T13:21:12,66bd2ed848411a7d
Nicaragua,2026-10-01,Bolsagro,Mercado Mayoreo,Managua,mayorista,frutas,,Naranja Valencia,naranja valencia,,,Mediano,,Cien und (65-75 lb),cien,70.0,NIO,600.0,600.0,,600.0,600.0,8.5714,36.811356,16.2993,0.232847,https://www.bolsagro.com.ni/estadisticas/precios-nacionales/59-precios-agropecuarios.html,,2026-10-06T13:21:12,5e493e75770a8434
Nicaragua,2026-10-01,Bolsagro,Mercado Mayoreo,Managua,mayorista,frutas,,Naranja Valencia,naranja valencia,,,Pequeño,,Cien und (35-45 lb),cien,40.0,NIO,200.0,200.0,,200.0,200.0,5.0,36.811356,5.4331,0.135828,https://www.bolsagro.com.ni/estadisticas/precios-nacionales/59-precios-agropecuarios.html,,2026-10-06T13:21:12,a27f98c4df7d3d69
Nicaragua,2026-10-01,Bolsagro,Mercado Mayoreo,Managua,mayorista,frutas,,Naranja agria,naranja agria,,,Mediano,,Cien und (45-50 lb),cien,47.5,NIO,800.0,800.0,,800.0,800.0,16.8421,36.811356,21.7324,0.457525,https://www.bolsagro.com.ni/estadisticas/precios-nacionales/59-precios-agropecuarios.html,,2026-10-06T13:21:12,94ea68cbf6884eaa
Nicaragua,2026-10-01,Bolsagro,Mercado Mayoreo,Managua,mayorista,frutas,,Naranja agria,naranja agria,,,Pequeño,,Cien und (30-35 lb),cien,32.5,NIO,700.0,700.0,,700.0,700.0,21.5385,36.811356,19.0159,0.585105,https://www.bolsagro.com.ni/estadisticas/precios-nacionales/59-precios-agropecuarios.html,,2026-10-06T13:21:12,23dbb6666f35d529
Nicaragua,2026-10-01,Bolsagro,Mercado Mayoreo,Managua,mayorista,frutas,,Papaya,papaya,,,Grande,,Docena (144-192 lb),docena,168.0,NIO,370.0,370.0,,370.0,370.0,2.2024,36.811356,10.0512,0.059829,https://www.bolsagro.com.ni/estadisticas/precios-nacionales/59-precios-agropecuarios.html,,2026-10-06T13:21:12,3d4b8f7fe85b3799
Nicaragua,2026-10-01,Bolsagro,Mercado Mayoreo,Managua,mayorista,frutas,,Papaya,papaya,,,Mediano,,Docena (96-120 lb),docena,108.0,NIO,320.0,320.0,,320.0,320.0,2.963,36.811356,8.693,0.080491,https://www.bolsagro.com.ni/estadisticas/precios-nacionales/59-precios-agropecuarios.html,,2026-10-06T13:21:12,a1b40c298b699797
Nicaragua,2026-10-01,Bolsagro,Mercado Mayoreo,Managua,mayorista,frutas,,Piña ácida,pina acida,,,Grande,,Docena (72 lb),docena,72.0,NIO,700.0,700.0,,700.0,700.0,9.7222,36.811356,19.0159,0.264109,https://www.bolsagro.com.ni/estadisticas/precios-nacionales/59-precios-agropecuarios.html,,2026-10-06T13:21:12,3cc36e9f2b534a5e
Nicaragua,2026-10-01,Bolsagro,Mercado Mayoreo,Managua,mayorista,frutas,,Piña ácida,pina acida,,,Mediano,,Docena (48 lb),docena,48.0,NIO,500.0,500.0,,500.0,500.0,10.4167,36.811356,13.5828,0.282975,https://www.bolsagro.com.ni/estadisticas/precios-nacionales/59-precios-agropecuarios.html,,2026-10-06T13:21:12,c0980769777b56a3
Nicaragua,2026-10-01,Bolsagro,Mercado Mayoreo,Managua,mayorista,frutas,,Piña ácida,pina acida,,,Pequeño,,Docena (30-36 lb),docena,33.0,NIO,400.0,400.0,,400.0,400.0,12.1212,36.811356,10.8662,0.329279,https://www.bolsagro.com.ni/estadisticas/precios-nacionales/59-precios-agropecuarios.html,,2026-10-06T13:21:12,3e8e9bcfb0ab53b5
Nicaragua,2026-10-01,Bolsagro,Mercado Mayoreo,Managua,mayorista,frutas,,Plátano maduro,platano maduro,,,Grande,,Cien und (80-90 lb),cien,85.0,NIO,960.0,960.0,,960.0,960.0,11.2941,36.811356,26.0789,0.30681,https://www.bolsagro.com.ni/estadisticas/precios-nacionales/59-precios-agropecuarios.html,,2026-10-06T13:21:12,922075ac27e8459b
Nicaragua,2026-10-01,Bolsagro,Mercado Mayoreo,Managua,mayorista,frutas,,Plátano maduro,platano maduro,,,Mediano,,Cien und (50 lb),cien,50.0,NIO,770.0,770.0,,770.0,770.0,15.4,36.811356,20.9175,0.418349,https://www.bolsagro.com.ni/estadisticas/precios-nacionales/59-precios-agropecuarios.html,,2026-10-06T13:21:12,59107e42e0b9833c
Nicaragua,2026-10-01,Bolsagro,Mercado Mayoreo,Managua,mayorista,frutas,,Plátano maduro,platano maduro,,,Pequeño,,Cien und (25-30 lb),cien,27.5,NIO,620.0,620.0,,620.0,620.0,22.5455,36.811356,16.8426,0.61246,https://www.bolsagro.com.ni/estadisticas/precios-nacionales/59-precios-agropecuarios.html,,2026-10-06T13:21:12,d9cc8ed2fe4c14cc
Nicaragua,2026-10-01,Bolsagro,Mercado Mayoreo,Managua,mayorista,frutas,,Plátano verde,platano verde,,,Grande,,Cien und (80-90 lb),cien,85.0,NIO,960.0,960.0,,960.0,960.0,11.2941,36.811356,26.0789,0.30681,https://www.bolsagro.com.ni/estadisticas/precios-nacionales/59-precios-agropecuarios.html,,2026-10-06T13:21:12,db6802d82edd6b11
Nicaragua,2026-10-01,Bolsagro,Mercado Mayoreo,Managua,mayorista,frutas,,Plátano verde,platano verde,,,Mediano,,Cien und (50 lb),cien,50.0,NIO,770.0,770.0,,770.0,770.0,15.4,36.811356,20.9175,0.418349,https://www.bolsagro.com.ni/estadisticas/precios-nacionales/59-precios-agropecuarios.html,,2026-10-06T13:21:12,63614fa635a2dc38
Nicaragua,2026-10-01,Bolsagro,Mercado Mayoreo,Managua,mayorista,frutas,,Plátano verde,platano verde,,,Pequeño,,Cien und (25-30 lb),cien,27.5,NIO,620.0,620.0,,620.0,620.0,22.5455,36.811356,16.8426,0.61246,https://www.bolsagro.com.ni/estadisticas/precios-nacionales/59-precios-agropecuarios.html,,2026-10-06T13:21:12,5d4ff10a407535a7
Nicaragua,2026-10-01,Bolsagro,Mercado Mayoreo,Managua,mayorista,frutas,,Sandía Mickey Lee,sandia mickey lee,,,Grande,,Docena (180 lb),docena,180.0,NIO,500.0,500.0,,500.0,500.0,2.7778,36.811356,13.5828,0.07546,https://www.bolsagro.com.ni/estadisticas/precios-nacionales/59-precios-agropecuarios.html,,2026-10-06T13:21:12,1e83d66e8f35ca32
Nicaragua,2026-10-01,Bolsagro,Mercado Mayoreo,Managua,mayorista,frutas,,Sandía Mickey Lee,sandia mickey lee,,,Mediano,,Docena (108-132 lb),docena,120.0,NIO,600.0,600.0,,600.0,600.0,5.0,36.811356,16.2993,0.135828,https://www.bolsagro.com.ni/estadisticas/precios-nacionales/59-precios-agropecuarios.html,,2026-10-06T13:21:12,e4ff0af6047ddcce
Nicaragua,2026-10-01,Bolsagro,Mercado Mayoreo,Managua,mayorista,frutas,,Sandía Mickey Lee,sandia mickey lee,,,Pequeño,,Docena (48-72 lb),docena,60.0,NIO,400.0,400.0,,400.0,400.0,6.6667,36.811356,10.8662,0.181104,https://www.bolsagro.com.ni/estadisticas/precios-nacionales/59-precios-agropecuarios.html,,2026-10-06T13:21:12,3d8e646facc957b6
Nicaragua,2026-10-01,Bolsagro,Mercado Mayoreo,Managua,mayorista,frutas,,Tamarindo sin cáscara,tamarindo sin cascara,,,Mediano,,Quintal (100 lb),quintal,100.0,NIO,5700.0,5700.0,,5700.0,5700.0,57.0,36.811356,154.8435,1.548435,https://www.bolsagro.com.ni/estadisticas/precios-nacionales/59-precios-agropecuarios.html,,2026-10-06T13:21:12,2f48cda98e9147d8
Nicaragua,2026-10-01,Bolsagro,Mercado Oriental,Managua,mayorista,granos,,Arroz (70/30),arroz (70/30),,,,,Quintal (100 lb),quintal,100.0,NIO,1850.0,1850.0,,1850.0,1850.0,18.5,36.811356,50.2562,0.502562,https://www.bolsagro.com.ni/estadisticas/precios-nacionales/59-precios-agropecuarios.html,,2026-10-06T13:21:12,cd897b65044c872c
Nicaragua,2026-10-01,Bolsagro,Mercado Oriental,Managua,minorista,granos,,Arroz (70/30),arroz (70/30),,,,,Libra,libra,1.0,NIO,20.0,20.0,,20.0,20.0,20.0,36.811356,0.5433,0.543311,https://www.bolsagro.com.ni/estadisticas/precios-nacionales/59-precios-agropecuarios.html,,2026-10-06T13:21:12,778ace88ccc75a89
Nicaragua,2026-10-01,Bolsagro,Mercado Oriental,Managua,mayorista,granos,,Arroz (80/20),arroz (80/20),,,,,Quintal (100 lb),quintal,100.0,NIO,2100.0,2100.0,,2100.0,2100.0,21.0,36.811356,57.0476,0.570476,https://www.bolsagro.com.ni/estadisticas/precios-nacionales/59-precios-agropecuarios.html,,2026-10-06T13:21:12,ca3e7b997b401c78
Nicaragua,2026-10-01,Bolsagro,Mercado Oriental,Managua,minorista,granos,,Arroz (80/20),arroz (80/20),,,,,Libra,libra,1.0,NIO,22.0,22.0,,22.0,22.0,22.0,36.811356,0.5976,0.597642,https://www.bolsagro.com.ni/estadisticas/precios-nacionales/59-precios-agropecuarios.html,,2026-10-06T13:21:12,d5a011b39dc2803d
Nicaragua,2026-10-01,Bolsagro,Mercado Oriental,Managua,mayorista,granos,,Arroz (96/4),arroz (96/4),,,,,Quintal (100 lb),quintal,100.0,NIO,2355.0,2355.0,,2355.0,2355.0,23.55,36.811356,63.9748,0.639748,https://www.bolsagro.com.ni/estadisticas/precios-nacionales/59-precios-agropecuarios.html,,2026-10-06T13:21:12,410dbbf3b14fc42f
Nicaragua,2026-10-01,Bolsagro,Mercado Oriental,Managua,minorista,granos,,Arroz (96/4),arroz (96/4),,,,,Libra,libra,1.0,NIO,25.0,25.0,,25.0,25.0,25.0,36.811356,0.6791,0.679138,https://www.bolsagro.com.ni/estadisticas/precios-nacionales/59-precios-agropecuarios.html,,2026-10-06T13:21:12,12d46bd6e128a949
Nicaragua,2026-10-01,Bolsagro,Mercado Oriental,Managua,mayorista,granos,,Arroz puntilla,arroz puntilla,,,,,Quintal (100 lb),quintal,100.0,NIO,850.0,850.0,,850.0,850.0,8.5,36.811356,23.0907,0.230907,https://www.bolsagro.com.ni/estadisticas/precios-nacionales/59-precios-agropecuarios.html,,2026-10-06T13:21:12,5068514c689ff322
Nicaragua,2026-10-01,Bolsagro,Mercado Oriental,Managua,mayorista,granos,,Cacao,cacao,,,,,Quintal (100 lb),quintal,100.0,NIO,8000.0,8000.0,,8000.0,8000.0,80.0,36.811356,217.3242,2.173242,https://www.bolsagro.com.ni/estadisticas/precios-nacionales/59-precios-agropecuarios.html,,2026-10-06T13:21:12,7b6e1265047fe0ec
Nicaragua,2026-10-01,Bolsagro,Mercado Oriental,Managua,mayorista,granos,,Frijol rojo,frijol rojo,,,,,Quintal (100 lb),quintal,100.0,NIO,2900.0,2900.0,,2900.0,2900.0,29.0,36.811356,78.78,0.7878,https://www.bolsagro.com.ni/estadisticas/precios-nacionales/59-precios-agropecuarios.html,,2026-10-06T13:21:12,fcd77b63244cf545
Nicaragua,2026-10-01,Bolsagro,Mercado Oriental,Managua,minorista,granos,,Frijol rojo,frijol rojo,,,,,Libra,libra,1.0,NIO,30.0,30.0,,30.0,30.0,30.0,36.811356,0.815,0.814966,https://www.bolsagro.com.ni/estadisticas/precios-nacionales/59-precios-agropecuarios.html,,2026-10-06T13:21:12,80d6006b05edac27
Nicaragua,2026-10-01,Bolsagro,Mercado Oriental,Managua,mayorista,granos,,Frijol tinto,frijol tinto,,,,,Quintal (100 lb),quintal,100.0,NIO,2900.0,2900.0,,2900.0,2900.0,29.0,36.811356,78.78,0.7878,https://www.bolsagro.com.ni/estadisticas/precios-nacionales/59-precios-agropecuarios.html,,2026-10-06T13:21:12,85bfd0814445049c
Nicaragua,2026-10-01,Bolsagro,Mercado Oriental,Managua,minorista,granos,,Frijol tinto,frijol tinto,,,,,Libra,libra,1.0,NIO,30.0,30.0,,30.0,30.0,30.0,36.811356,0.815,0.814966,https://www.bolsagro.com.ni/estadisticas/precios-nacionales/59-precios-agropecuarios.html,,2026-10-06T13:21:12,1be6bf48adac9e68
Nicaragua,2026-10-01,Bolsagro,Mercado Oriental,Managua,mayorista,granos,,Maíz blanco,maiz blanco,,,,,Quintal (100 lb),quintal,100.0,NIO,1300.0,1300.0,,1300.0,1300.0,13.0,36.811356,35.3152,0.353152,https://www.bolsagro.com.ni/estadisticas/precios-nacionales/59-precios-agropecuarios.html,,2026-10-06T13:21:12,1f20f769e4a0fbc5
Nicaragua,2026-10-01,Bolsagro,Mercado Oriental,Managua,minorista,granos,,Maíz blanco,maiz blanco,,,,,Libra,libra,1.0,NIO,14.0,14.0,,14.0,14.0,14.0,36.811356,0.3803,0.380317,https://www.bolsagro.com.ni/estadisticas/precios-nacionales/59-precios-agropecuarios.html,,2026-10-06T13:21:12,3b53a26ea597ed83
Nicaragua,2026-10-01,Bolsagro,Mercado Oriental,Managua,mayorista,granos,,Semilla jícaro,semilla jicaro,,,,,Quintal (100 lb),quintal,100.0,NIO,4300.0,4300.0,,4300.0,4300.0,43.0,36.811356,116.8118,1.168118,https://www.bolsagro.com.ni/estadisticas/precios-nacionales/59-precios-agropecuarios.html,,2026-10-06T13:21:12,f858716f369ec9e5
Nicaragua,2026-10-01,Bolsagro,Mercado Oriental,Managua,mayorista,granos,,Sorgo blanco,sorgo blanco,,,,,Quintal (100 lb),quintal,100.0,NIO,1300.0,1300.0,,1300.0,1300.0,13.0,36.811356,35.3152,0.353152,https://www.bolsagro.com.ni/estadisticas/precios-nacionales/59-precios-agropecuarios.html,,2026-10-06T13:21:12,30bdd09d707db1e7
Nicaragua,2026-10-01,Bolsagro,Mercado Oriental,Managua,minorista,granos,,Sorgo blanco,sorgo blanco,,,,,Libra,libra,1.0,NIO,15.0,15.0,,15.0,15.0,15.0,36.811356,0.4075,0.407483,https://www.bolsagro.com.ni/estadisticas/precios-nacionales/59-precios-agropecuarios.html,,2026-10-06T13:21:12,3b6e04ae642440fe
Nicaragua,2026-10-01,Bolsagro,Mercado Oriental,Managua,mayorista,granos,,Sorgo rojo,sorgo rojo,,,,,Quintal (100 lb),quintal,100.0,NIO,1400.0,1400.0,,1400.0,1400.0,14.0,36.811356,38.0317,0.380317,https://www.bolsagro.com.ni/estadisticas/precios-nacionales/59-precios-agropecuarios.html,,2026-10-06T13:21:12,d74a3f4be4a51066
Nicaragua,2026-10-01,Bolsagro,Mercado Oriental,Managua,mayorista,granos,,Soya,soya,,,,,Quintal (100 lb),quintal,100.0,NIO,4600.0,4600.0,,4600.0,4600.0,46.0,36.811356,124.9614,1.249614,https://www.bolsagro.com.ni/estadisticas/precios-nacionales/59-precios-agropecuarios.html,,2026-10-06T13:21:12,94739acc95b9f778
Nicaragua,2026-10-01,Bolsagro,Mercado Mayoreo,Managua,mayorista,hortalizas,,"Ajo blanco, CAT 1","ajo blanco, cat 1",,,Calibre 50 mm,,Caja (10 kg),caja,22.0462,NIO,1000.0,1000.0,,1000.0,1000.0,45.3593,36.811356,27.1655,1.232209,https://www.bolsagro.com.ni/estadisticas/precios-nacionales/59-precios-agropecuarios.html,,2026-10-06T13:21:12,fcaf2ec739fcb07b
Nicaragua,2026-10-01,Bolsagro,Mercado Mayoreo,Managua,mayorista,hortalizas,,"Ajo blanco, CAT 1","ajo blanco, cat 1",,,Calibre 50 mm,,Caja (5kg),caja,11.0231,NIO,500.0,500.0,,500.0,500.0,45.3593,36.811356,13.5828,1.232209,https://www.bolsagro.com.ni/estadisticas/precios-nacionales/59-precios-agropecuarios.html,,2026-10-06T13:21:12,366daa265bb7845d
Nicaragua,2026-10-01,Bolsagro,Mercado Mayoreo,Managua,mayorista,hortalizas,,Apio,apio,,,Mediano,,Saco 30 mazos (80-90 lb),saco,85.0,NIO,1900.0,1900.0,,1900.0,1900.0,22.3529,36.811356,51.6145,0.607228,https://www.bolsagro.com.ni/estadisticas/precios-nacionales/59-precios-agropecuarios.html,,2026-10-06T13:21:12,4b3c4c55559182ee
Nicaragua,2026-10-01,Bolsagro,Mercado Mayoreo,Managua,mayorista,hortalizas,,Ayote maduro,ayote maduro,,,Grande,,Docena (180 lb),docena,180.0,NIO,750.0,750.0,,750.0,750.0,4.1667,36.811356,20.3741,0.113191,https://www.bolsagro.com.ni/estadisticas/precios-nacionales/59-precios-agropecuarios.html,,2026-10-06T13:21:12,1fe2edd0c2fb3e4c
Nicaragua,2026-10-01,Bolsagro,Mercado Mayoreo,Managua,mayorista,hortalizas,,Ayote maduro,ayote maduro,,,Mediano,,Docena (120 lb),docena,120.0,NIO,450.0,450.0,,450.0,450.0,3.75,36.811356,12.2245,0.101871,https://www.bolsagro.com.ni/estadisticas/precios-nacionales/59-precios-agropecuarios.html,,2026-10-06T13:21:12,a54fdfb783a6e325
Nicaragua,2026-10-01,Bolsagro,Mercado Mayoreo,Managua,mayorista,hortalizas,,Ayote tierno,ayote tierno,,,Pequeño,,Docena (60 lb),docena,60.0,NIO,250.0,250.0,,250.0,250.0,4.1667,36.811356,6.7914,0.113191,https://www.bolsagro.com.ni/estadisticas/precios-nacionales/59-precios-agropecuarios.html,,2026-10-06T13:21:12,51e42270a319b229
Nicaragua,2026-10-01,Bolsagro,Mercado Mayoreo,Managua,mayorista,hortalizas,,Brócoli,brocoli,,,Pequeño,,Docena (12 lb),docena,12.0,NIO,550.0,550.0,,550.0,550.0,45.8333,36.811356,14.941,1.245086,https://www.bolsagro.com.ni/estadisticas/precios-nacionales/59-precios-agropecuarios.html,,2026-10-06T13:21:12,b4ec30f4437e98cd
Nicaragua,2026-10-01,Bolsagro,Mercado Mayoreo,Managua,mayorista,hortalizas,,Cebolla amarilla seca,cebolla amarilla seca,,,Mediano,,Saco (50 lb),saco,50.0,NIO,800.0,800.0,,800.0,800.0,16.0,36.811356,21.7324,0.434648,https://www.bolsagro.com.ni/estadisticas/precios-nacionales/59-precios-agropecuarios.html,,2026-10-06T13:21:12,c2f873051fabb6a9
Nicaragua,2026-10-01,Bolsagro,Mercado Mayoreo,Managua,mayorista,hortalizas,,Cebolla amarilla seca,cebolla amarilla seca,,,Pequeño,,Saco (50 lb),saco,50.0,NIO,780.0,780.0,,780.0,780.0,15.6,36.811356,21.1891,0.423782,https://www.bolsagro.com.ni/estadisticas/precios-nacionales/59-precios-agropecuarios.html,,2026-10-06T13:21:12,7390c277fdca4aa5
Nicaragua,2026-10-01,Bolsagro,Mercado Mayoreo,Managua,mayorista,hortalizas,,Chayote verde oscuro,chayote verde oscuro,,,Grande,,Saco de 200 und (150 lb),saco,150.0,NIO,1100.0,1100.0,,1100.0,1100.0,7.3333,36.811356,29.8821,0.199213,https://www.bolsagro.com.ni/estadisticas/precios-nacionales/59-precios-agropecuarios.html,,2026-10-06T13:21:12,a232eea672c97554
Nicaragua,2026-10-01,Bolsagro,Mercado Mayoreo,Managua,mayorista,hortalizas,,Chile Jalapeño,chile jalapeno,,,Mediano,,Quintal (100 lb),quintal,100.0,NIO,650.0,650.0,,650.0,650.0,6.5,36.811356,17.6576,0.176576,https://www.bolsagro.com.ni/estadisticas/precios-nacionales/59-precios-agropecuarios.html,,2026-10-06T13:21:12,7875aaa1559cda36
Nicaragua,2026-10-01,Bolsagro,Mercado Mayoreo,Managua,mayorista,hortalizas,,Chilote,chilote,,,Mediano,,Cien und (30-35 lb),cien,32.5,NIO,220.0,220.0,,220.0,220.0,6.7692,36.811356,5.9764,0.183889,https://www.bolsagro.com.ni/estadisticas/precios-nacionales/59-precios-agropecuarios.html,,2026-10-06T13:21:12,7af2b968e66e0ac1
Nicaragua,2026-10-01,Bolsagro,Mercado Mayoreo,Managua,mayorista,hortalizas,,Chiltoma,chiltoma,,,Mediano,,Saco (50-60 lb),saco,55.0,NIO,750.0,750.0,,750.0,750.0,13.6364,36.811356,20.3741,0.37044,https://www.bolsagro.com.ni/estadisticas/precios-nacionales/59-precios-agropecuarios.html,,2026-10-06T13:21:12,18a5eb1ae40251ee
Nicaragua,2026-10-01,Bolsagro,Mercado Mayoreo,Managua,mayorista,hortalizas,,Coliflor,coliflor,,,Mediano,,Docena (24 lb),docena,24.0,NIO,600.0,600.0,,600.0,600.0,25.0,36.811356,16.2993,0.679138,https://www.bolsagro.com.ni/estadisticas/precios-nacionales/59-precios-agropecuarios.html,,2026-10-06T13:21:12,8cdec9d6a5afe8b8
Nicaragua,2026-10-01,Bolsagro,Mercado Mayoreo,Managua,mayorista,hortalizas,,Culantro,culantro,,,Mediano,,Mazo (2.5-3 oz),mazo,0.1719,NIO,50.0,50.0,,50.0,50.0,290.8668,36.811356,1.3583,7.901551,https://www.bolsagro.com.ni/estadisticas/precios-nacionales/59-precios-agropecuarios.html,,2026-10-06T13:21:12,0a975455642f3d46
Nicaragua,2026-10-01,Bolsagro,Mercado Mayoreo,Managua,mayorista,hortalizas,,Elote blanco,elote blanco,,,Mediano,,Cien und (70-80 lb),cien,75.0,NIO,780.0,780.0,,780.0,780.0,10.4,36.811356,21.1891,0.282522,https://www.bolsagro.com.ni/estadisticas/precios-nacionales/59-precios-agropecuarios.html,,2026-10-06T13:21:12,774b71f548cd0343
Nicaragua,2026-10-01,Bolsagro,Mercado Mayoreo,Managua,mayorista,hortalizas,,Hierbabuena,hierbabuena,,,Mediano,,Canasto 30 doc (50-60 lb),canasto,55.0,NIO,1500.0,1500.0,,1500.0,1500.0,27.2727,36.811356,40.7483,0.740877,https://www.bolsagro.com.ni/estadisticas/precios-nacionales/59-precios-agropecuarios.html,,2026-10-06T13:21:12,fcbf2a0ac5e0e24f
Nicaragua,2026-10-01,Bolsagro,Mercado Mayoreo,Managua,mayorista,hortalizas,,Lechuga Iceberg,lechuga iceberg,,,Mediano,,Docena (16-18 lb),docena,17.0,NIO,220.0,220.0,,220.0,220.0,12.9412,36.811356,5.9764,0.351555,https://www.bolsagro.com.ni/estadisticas/precios-nacionales/59-precios-agropecuarios.html,,2026-10-06T13:21:12,066ac6d140e395d2
Nicaragua,2026-10-01,Bolsagro,Mercado Mayoreo,Managua,mayorista,hortalizas,,Lechuga Iceberg,lechuga iceberg,,,Pequeño,,Docena (9-14 lb),docena,11.5,NIO,200.0,200.0,,200.0,200.0,17.3913,36.811356,5.4331,0.472444,https://www.bolsagro.com.ni/estadisticas/precios-nacionales/59-precios-agropecuarios.html,,2026-10-06T13:21:12,0d0d7febaa33efa6
Nicaragua,2026-10-01,Bolsagro,Mercado Mayoreo,Managua,mayorista,hortalizas,,Papa blanca,papa blanca,,,Mediano,,Quintal (100 lb),quintal,100.0,NIO,2450.0,2450.0,,2450.0,2450.0,24.5,36.811356,66.5555,0.665555,https://www.bolsagro.com.ni/estadisticas/precios-nacionales/59-precios-agropecuarios.html,,2026-10-06T13:21:12,0560f27f87c9ab4c
Nicaragua,2026-10-01,Bolsagro,Mercado Mayoreo,Managua,mayorista,hortalizas,,Pepino,pepino,,,Mediano,,Saco (150 lb),saco,150.0,NIO,1000.0,1000.0,,1000.0,1000.0,6.6667,36.811356,27.1655,0.181104,https://www.bolsagro.com.ni/estadisticas/precios-nacionales/59-precios-agropecuarios.html,,2026-10-06T13:21:12,8039ff3752924ad5
Nicaragua,2026-10-01,Bolsagro,Mercado Mayoreo,Managua,mayorista,hortalizas,,Perejil,perejil,,,Mediano,,Mazo (6-8 oz),mazo,0.4375,NIO,40.0,40.0,,40.0,40.0,91.4286,36.811356,1.0866,2.483706,https://www.bolsagro.com.ni/estadisticas/precios-nacionales/59-precios-agropecuarios.html,,2026-10-06T13:21:12,17240a3f142bca84
Nicaragua,2026-10-01,Bolsagro,Mercado Mayoreo,Managua,mayorista,hortalizas,,Pipián,pipian,,,Mediano,,Docena (8-9 lb),docena,8.5,NIO,150.0,150.0,,150.0,150.0,17.6471,36.811356,4.0748,0.479393,https://www.bolsagro.com.ni/estadisticas/precios-nacionales/59-precios-agropecuarios.html,,2026-10-06T13:21:12,76b7635cc2b41257
Nicaragua,2026-10-01,Bolsagro,Mercado Mayoreo,Managua,mayorista,hortalizas,,Quequisque,quequisque,,,Mediano,,Saco (110-130 lb),saco,120.0,NIO,2000.0,2000.0,,2000.0,2000.0,16.6667,36.811356,54.3311,0.45276,https://www.bolsagro.com.ni/estadisticas/precios-nacionales/59-precios-agropecuarios.html,,2026-10-06T13:21:12,c706d9322068822d
Nicaragua,2026-10-01,Bolsagro,Mercado Mayoreo,Managua,mayorista,hortalizas,,Remolacha,remolacha,,,Grande,,Saco (95-100 lb),saco,97.5,NIO,1200.0,1200.0,,1200.0,1200.0,12.3077,36.811356,32.5986,0.334345,https://www.bolsagro.com.ni/estadisticas/precios-nacionales/59-precios-agropecuarios.html,,2026-10-06T13:21:12,024022767d61aea0
Nicaragua,2026-10-01,Bolsagro,Mercado Mayoreo,Managua,mayorista,hortalizas,,Repollo verde,repollo verde,,,Grande,,"Cien und (1,000-1,200 lb)",cien,200.0,NIO,3800.0,3800.0,,3800.0,3800.0,19.0,36.811356,103.229,0.516145,https://www.bolsagro.com.ni/estadisticas/precios-nacionales/59-precios-agropecuarios.html,,2026-10-06T13:21:12,1f0003404665bdba
Nicaragua,2026-10-01,Bolsagro,Mercado Mayoreo,Managua,mayorista,hortalizas,,Repollo verde,repollo verde,,,Mediano,,Cien und (800 lb),cien,800.0,NIO,3600.0,3600.0,,3600.0,3600.0,4.5,36.811356,97.7959,0.122245,https://www.bolsagro.com.ni/estadisticas/precios-nacionales/59-precios-agropecuarios.html,,2026-10-06T13:21:12,39615cd4d82df477
Nicaragua,2026-10-01,Bolsagro,Mercado Mayoreo,Managua,mayorista,hortalizas,,Repollo verde,repollo verde,,,Pequeño,,Cien und (500 lb),cien,500.0,NIO,2600.0,2600.0,,2600.0,2600.0,5.2,36.811356,70.6304,0.141261,https://www.bolsagro.com.ni/estadisticas/precios-nacionales/59-precios-agropecuarios.html,,2026-10-06T13:21:12,2797a73b290756a4
Nicaragua,2026-10-01,Bolsagro,Mercado Mayoreo,Managua,mayorista,hortalizas,,Rábano,rabano,,,Mediano,,Mazo (1.5-2 lb),mazo,1.75,NIO,40.0,40.0,,40.0,40.0,22.8571,36.811356,1.0866,0.620925,https://www.bolsagro.com.ni/estadisticas/precios-nacionales/59-precios-agropecuarios.html,,2026-10-06T13:21:12,38b41986c2559ebb
Nicaragua,2026-10-01,Bolsagro,Mercado Mayoreo,Managua,mayorista,hortalizas,,Tomate pera,tomate pera,,,Mediano,,Cesta plástica (45-50 lb),cesta,47.5,NIO,800.0,800.0,,800.0,800.0,16.8421,36.811356,21.7324,0.457525,https://www.bolsagro.com.ni/estadisticas/precios-nacionales/59-precios-agropecuarios.html,,2026-10-06T13:21:12,3c9c4fb954493bfe
Nicaragua,2026-10-01,Bolsagro,Mercado Mayoreo,Managua,mayorista,hortalizas,,Tomate pera,tomate pera,,,Pequeño,,Cesta plástica (45-50 lb),cesta,47.5,NIO,600.0,600.0,,600.0,600.0,12.6316,36.811356,16.2993,0.343144,https://www.bolsagro.com.ni/estadisticas/precios-nacionales/59-precios-agropecuarios.html,,2026-10-06T13:21:12,5f77845365058e3f
Nicaragua,2026-10-01,Bolsagro,Mercado Mayoreo,Managua,mayorista,hortalizas,,Yuca blanca,yuca blanca,,,Mediano,,Saco (100 lb),saco,100.0,NIO,900.0,900.0,,900.0,900.0,9.0,36.811356,24.449,0.24449,https://www.bolsagro.com.ni/estadisticas/precios-nacionales/59-precios-agropecuarios.html,,2026-10-06T13:21:12,3f5a49100d94e178
Nicaragua,2026-10-01,Bolsagro,Mercado Mayoreo,Managua,mayorista,hortalizas,,Zanahoria,zanahoria,,,Grande,,Saco (80 lb),saco,80.0,NIO,700.0,700.0,,700.0,700.0,8.75,36.811356,19.0159,0.237698,https://www.bolsagro.com.ni/estadisticas/precios-nacionales/59-precios-agropecuarios.html,,2026-10-06T13:21:12,709491c649bd84f4
Nicaragua,2026-10-01,Bolsagro,Mercado Oriental,Managua,minorista,huevos,Otros,Huevo blanco grande de gallina,huevo blanco grande de gallina,,,,,Cajilla de 30 und (3.75 lb),cajilla,3.75,NIO,190.0,190.0,,190.0,190.0,50.6667,36.811356,5.1615,1.376388,https://www.bolsagro.com.ni/estadisticas/precios-nacionales/59-precios-agropecuarios.html,,2026-10-06T13:21:12,1fdf79dcdcd6ad0b
Nicaragua,2026-10-01,Bolsagro,Mercado Oriental,Managua,minorista,huevos,Otros,Huevo blanco mediano de gallina,huevo blanco mediano de gallina,,,,,Cajilla de 30 und (3.30 lb),cajilla,3.3,NIO,180.0,180.0,,180.0,180.0,54.5455,36.811356,4.8898,1.481757,https://www.bolsagro.com.ni/estadisticas/precios-nacionales/59-precios-agropecuarios.html,,2026-10-06T13:21:12,c0361f21abb36e7a
Nicaragua,2026-10-01,Bolsagro,Mercado Oriental,Managua,minorista,huevos,Otros,Huevo rojo grande de gallina,huevo rojo grande de gallina,,,,,Cajilla de 30 und (3.75 lb),cajilla,3.75,NIO,190.0,190.0,,190.0,190.0,50.6667,36.811356,5.1615,1.376388,https://www.bolsagro.com.ni/estadisticas/precios-nacionales/59-precios-agropecuarios.html,,2026-10-06T13:21:12,a767424db23f55ca
Nicaragua,2026-10-01,Bolsagro,Mercado Oriental,Managua,minorista,huevos,Otros,Huevo rojo mediano de gallina,huevo rojo mediano de gallina,,,,,Cajilla de 30 und (3.30 lb),cajilla,3.3,NIO,180.0,180.0,,180.0,180.0,54.5455,36.811356,4.8898,1.481757,https://www.bolsagro.com.ni/estadisticas/precios-nacionales/59-precios-agropecuarios.html,,2026-10-06T13:21:12,1c626c7c65a5778f
Nicaragua,2026-10-01,Bolsagro,Mercado Oriental,Managua,minorista,lacteos,Lácteos,Crema,crema,,,,,Libra,libra,1.0,NIO,60.0,60.0,,60.0,60.0,60.0,36.811356,1.6299,1.629932,https://www.bolsagro.com.ni/estadisticas/precios-nacionales/59-precios-agropecuarios.html,,2026-10-06T13:21:12,9eaddc5d1bcb779a
Nicaragua,2026-10-01,Bolsagro,Mercado Oriental,Managua,minorista,lacteos,Otros,Leche fluida pasteurizada,leche fluida pasteurizada,,,,,Litro (Cartón),litro,,NIO,57.0,57.0,,57.0,57.0,,36.811356,1.5484,,https://www.bolsagro.com.ni/estadisticas/precios-nacionales/59-precios-agropecuarios.html,,2026-10-06T13:21:12,6d52e6d7b3b63dbb
Nicaragua,2026-10-01,Bolsagro,Mercado Oriental,Managua,minorista,lacteos,Lácteos,Mantequilla,mantequilla,,,,,Libra,libra,1.0,NIO,60.0,60.0,,60.0,60.0,60.0,36.811356,1.6299,1.629932,https://www.bolsagro.com.ni/estadisticas/precios-nacionales/59-precios-agropecuarios.html,,2026-10-06T13:21:12,e5b1b527ae56a3ff
Nicaragua,2026-10-01,Bolsagro,Mercado Oriental,Managua,minorista,lacteos,Lácteos,Queso fresco,queso fresco,,,,,Libra,libra,1.0,NIO,70.0,70.0,,70.0,70.0,70.0,36.811356,1.9016,1.901587,https://www.bolsagro.com.ni/estadisticas/precios-nacionales/59-precios-agropecuarios.html,,2026-10-06T13:21:12,64862656af628fb3
Nicaragua,2026-10-01,Bolsagro,Mercado Oriental,Managua,minorista,lacteos,Lácteos,Queso seco,queso seco,,,,,Libra,libra,1.0,NIO,85.0,85.0,,85.0,85.0,85.0,36.811356,2.3091,2.30907,https://www.bolsagro.com.ni/estadisticas/precios-nacionales/59-precios-agropecuarios.html,,2026-10-06T13:21:12,abf0ff73c5c21af4
Nicaragua,2026-10-01,Bolsagro,Mercado Oriental,Managua,minorista,pesca,Mariscos,Camarón,camaron,,,,,Libra,libra,1.0,NIO,230.0,230.0,,230.0,230.0,230.0,36.811356,6.2481,6.248072,https://www.bolsagro.com.ni/estadisticas/precios-nacionales/59-precios-agropecuarios.html,,2026-10-06T13:21:12,78680d4861fee3f6
Nicaragua,2026-10-01,Bolsagro,Mercado Oriental,Managua,minorista,pesca,Mariscos,Filete de Corvina,filete de corvina,,,,,Libra,libra,1.0,NIO,140.0,140.0,,140.0,140.0,140.0,36.811356,3.8032,3.803174,https://www.bolsagro.com.ni/estadisticas/precios-nacionales/59-precios-agropecuarios.html,,2026-10-06T13:21:12,a842388920251d95
Nicaragua,2026-10-01,Bolsagro,Mercado Oriental,Managua,minorista,pesca,Mariscos,Filete de Dorado,filete de dorado,,,,,Libra,libra,1.0,NIO,150.0,150.0,,150.0,150.0,150.0,36.811356,4.0748,4.07483,https://www.bolsagro.com.ni/estadisticas/precios-nacionales/59-precios-agropecuarios.html,,2026-10-06T13:21:12,24b375b2704ee46d
Nicaragua,2026-10-01,Bolsagro,Mercado Oriental,Managua,minorista,pesca,Mariscos,Filete de Robalo,filete de robalo,,,,,Libra,libra,1.0,NIO,110.0,110.0,,110.0,110.0,110.0,36.811356,2.9882,2.988208,https://www.bolsagro.com.ni/estadisticas/precios-nacionales/59-precios-agropecuarios.html,,2026-10-06T13:21:12,dfbf9a8ffd65d3f7
Nicaragua,2026-10-01,Bolsagro,Mercado Oriental,Managua,minorista,pesca,Mariscos,Filete de Roncador,filete de roncador,,,,,Libra,libra,1.0,NIO,110.0,110.0,,110.0,110.0,110.0,36.811356,2.9882,2.988208,https://www.bolsagro.com.ni/estadisticas/precios-nacionales/59-precios-agropecuarios.html,,2026-10-06T13:21:12,c6b970fd2993f3ee
Nicaragua,2026-10-01,Bolsagro,Mercado Oriental,Managua,minorista,pesca,Mariscos,Filete de tiburón,filete de tiburon,,,,,Libra,libra,1.0,NIO,110.0,110.0,,110.0,110.0,110.0,36.811356,2.9882,2.988208,https://www.bolsagro.com.ni/estadisticas/precios-nacionales/59-precios-agropecuarios.html,,2026-10-06T13:21:12,6f510fe7f758dde4
Nicaragua,2026-10-01,Bolsagro,Mercado Oriental,Managua,minorista,pesca,Mariscos,Pescado Corvina,pescado corvina,,,,,Libra,libra,1.0,NIO,100.0,100.0,,100.0,100.0,100.0,36.811356,2.7166,2.716553,https://www.bolsagro.com.ni/estadisticas/precios-nacionales/59-precios-agropecuarios.html,,2026-10-06T13:21:12,90f328b1484100c9
Nicaragua,2026-10-01,Bolsagro,Mercado Oriental,Managua,minorista,pesca,Mariscos,Pescado Macarela,pescado macarela,,,,,Libra,libra,1.0,NIO,100.0,100.0,,100.0,100.0,100.0,36.811356,2.7166,2.716553,https://www.bolsagro.com.ni/estadisticas/precios-nacionales/59-precios-agropecuarios.html,,2026-10-06T13:21:12,75da465a03fd217f
Nicaragua,2026-10-01,Bolsagro,Mercado Oriental,Managua,minorista,pesca,Mariscos,Pescado Pargo,pescado pargo,,,,,Libra,libra,1.0,NIO,140.0,140.0,,140.0,140.0,140.0,36.811356,3.8032,3.803174,https://www.bolsagro.com.ni/estadisticas/precios-nacionales/59-precios-agropecuarios.html,,2026-10-06T13:21:12,b1d7ecfa4427c4fb
Nicaragua,2026-10-05,Bolsagro,Mercado Oriental,Managua,minorista,abarrotes,Otros,Aceite vegetal,aceite vegetal,,,,,Envase plástico (1 litro),litro,,NIO,88.0,88.0,,88.0,88.0,,36.753301,2.3943,,https://www.bolsagro.com.ni/estadisticas/precios-nacionales/59-precios-agropecuarios.html,,2026-10-09T13:24:54,f46df74eb00060f9
Nicaragua,2026-10-05,Bolsagro,Mercado Oriental,Managua,minorista,abarrotes,Otros,Aceite vegetal,aceite vegetal,,,,,"Envase plástico, (1 litro)",litro,,NIO,88.0,88.0,,88.0,88.0,,36.767871,2.3934,,https://www.bolsagro.com.ni/estadisticas/precios-nacionales/59-precios-agropecuarios.html,,2026-10-08T13:21:17,6d8f75f2b4497ace
Nicaragua,2026-10-05,Bolsagro,Mercado Oriental,Managua,minorista,abarrotes,Otros,Azúcar,azucar,,,,,Libra,libra,1.0,NIO,16.0,16.0,,16.0,16.0,16.0,36.753301,0.4353,0.435335,https://www.bolsagro.com.ni/estadisticas/precios-nacionales/59-precios-agropecuarios.html,,2026-10-09T13:24:54,909a6c59d21e6d6b
Nicaragua,2026-10-05,Bolsagro,Mercado Oriental,Managua,minorista,carnes,Carnes,"Cerdo, costilla","cerdo, costilla",,,,,Libra,libra,1.0,NIO,95.0,95.0,,95.0,95.0,95.0,36.753301,2.5848,2.584802,https://www.bolsagro.com.ni/estadisticas/precios-nacionales/59-precios-agropecuarios.html,,2026-10-09T13:24:54,3a0f3455e2ce0e79
Nicaragua,2026-10-05,Bolsagro,Mercado Oriental,Managua,minorista,carnes,Carnes,"Cerdo, posta","cerdo, posta",,,,,Libra,libra,1.0,NIO,95.0,95.0,,95.0,95.0,95.0,36.753301,2.5848,2.584802,https://www.bolsagro.com.ni/estadisticas/precios-nacionales/59-precios-agropecuarios.html,,2026-10-09T13:24:54,48b0ff5d35a4ec81
Nicaragua,2026-10-05,Bolsagro,Mercado Oriental,Managua,minorista,carnes,Carnes,Muslos de pollo,muslos de pollo,,,,,Libra,libra,1.0,NIO,45.0,45.0,,45.0,45.0,45.0,36.753301,1.2244,1.22438,https://www.bolsagro.com.ni/estadisticas/precios-nacionales/59-precios-agropecuarios.html,,2026-10-09T13:24:54,a2054e5b4bdff6cf
Nicaragua,2026-10-05,Bolsagro,Mercado Oriental,Managua,minorista,carnes,Carnes,Pechuga de pollo sin alas,pechuga de pollo sin alas,,,,,Libra,libra,1.0,NIO,67.0,67.0,,67.0,67.0,67.0,36.753301,1.823,1.822966,https://www.bolsagro.com.ni/estadisticas/precios-nacionales/59-precios-agropecuarios.html,,2026-10-09T13:24:54,47ffed62845ce228
Nicaragua,2026-10-05,Bolsagro,Mercado Oriental,Managua,minorista,carnes,Carnes,Pierna entera de pollo,pierna entera de pollo,,,,,Libra,libra,1.0,NIO,52.0,52.0,,52.0,52.0,52.0,36.753301,1.4148,1.414839,https://www.bolsagro.com.ni/estadisticas/precios-nacionales/59-precios-agropecuarios.html,,2026-10-09T13:24:54,62045089b8128cf9
Nicaragua,2026-10-05,Bolsagro,Mercado Oriental,Managua,minorista,carnes,Carnes,Pollo entero con menudos,pollo entero con menudos,,,,,Libra,libra,1.0,NIO,50.0,50.0,,50.0,50.0,50.0,36.753301,1.3604,1.360422,https://www.bolsagro.com.ni/estadisticas/precios-nacionales/59-precios-agropecuarios.html,,2026-10-09T13:24:54,6d886c88a53a07aa
Nicaragua,2026-10-05,Bolsagro,Mercado Oriental,Managua,minorista,carnes,Carnes,Pollo entero sin menudos,pollo entero sin menudos,,,,,Libra,libra,1.0,NIO,50.0,50.0,,50.0,50.0,50.0,36.753301,1.3604,1.360422,https://www.bolsagro.com.ni/estadisticas/precios-nacionales/59-precios-agropecuarios.html,,2026-10-09T13:24:54,40eb67324a08b50e
Nicaragua,2026-10-05,Bolsagro,Mercado Oriental,Managua,minorista,carnes,Carnes,Posta de res,posta de res,,,,,Libra,libra,1.0,NIO,140.0,140.0,,140.0,140.0,140.0,36.753301,3.8092,3.809182,https://www.bolsagro.com.ni/estadisticas/precios-nacionales/59-precios-agropecuarios.html,,2026-10-09T13:24:54,14652080a14cdd18
Nicaragua,2026-10-05,Bolsagro,Mercado Mayoreo,Managua,mayorista,frutas,,Aguacate,aguacate,,,Mediano,,Cien und (68 lb),cien,68.0,NIO,3200.0,3200.0,,3200.0,3200.0,47.0588,36.753301,87.067,1.280397,https://www.bolsagro.com.ni/estadisticas/precios-nacionales/59-precios-agropecuarios.html,,2026-10-09T13:24:54,9bcab0874897d1d3
Nicaragua,2026-10-05,Bolsagro,Mercado Mayoreo,Managua,mayorista,frutas,,Aguacate,aguacate,,,Pequeño,,Cien und (50 lb),cien,50.0,NIO,2700.0,2700.0,,2700.0,2700.0,54.0,36.753301,73.4628,1.469256,https://www.bolsagro.com.ni/estadisticas/precios-nacionales/59-precios-agropecuarios.html,,2026-10-09T13:24:54,3b0b1553402b741c
Nicaragua,2026-10-05,Bolsagro,Mercado Mayoreo,Managua,mayorista,frutas,,Banano maduro,banano maduro,,,Mediano,,Canasto 250 und (62-64 lb),canasto,63.0,NIO,320.0,320.0,,320.0,320.0,5.0794,36.753301,8.7067,0.138203,https://www.bolsagro.com.ni/estadisticas/precios-nacionales/59-precios-agropecuarios.html,,2026-10-09T13:24:54,27a7f16c86a5c793
Nicaragua,2026-10-05,Bolsagro,Mercado Mayoreo,Managua,mayorista,frutas,,Banano verde,banano verde,,,Grande,,Cien und (50 lb),cien,50.0,NIO,330.0,330.0,,330.0,330.0,6.6,36.753301,8.9788,0.179576,https://www.bolsagro.com.ni/estadisticas/precios-nacionales/59-precios-agropecuarios.html,,2026-10-09T13:24:54,11d27c24b627b587
Nicaragua,2026-10-05,Bolsagro,Mercado Mayoreo,Managua,mayorista,frutas,,Coco seco,coco seco,,,Grande,,Cien und (180 lb),cien,180.0,NIO,2800.0,2800.0,,2800.0,2800.0,15.5556,36.753301,76.1836,0.423244,https://www.bolsagro.com.ni/estadisticas/precios-nacionales/59-precios-agropecuarios.html,,2026-10-09T13:24:54,ed933d64a014e8c9
Nicaragua,2026-10-05,Bolsagro,Mercado Mayoreo,Managua,mayorista,frutas,,Coco seco,coco seco,,,Mediano,,Cien und (160 lb),cien,160.0,NIO,2600.0,2600.0,,2600.0,2600.0,16.25,36.753301,70.7419,0.442137,https://www.bolsagro.com.ni/estadisticas/precios-nacionales/59-precios-agropecuarios.html,,2026-10-09T13:24:54,068046a3723700c2
Nicaragua,2026-10-05,Bolsagro,Mercado Mayoreo,Managua,mayorista,frutas,,Limón Persa,limon persa,,,Mediano,,Cien und (20-25 lb),cien,22.5,NIO,400.0,400.0,,400.0,400.0,17.7778,36.753301,10.8834,0.483706,https://www.bolsagro.com.ni/estadisticas/precios-nacionales/59-precios-agropecuarios.html,,2026-10-09T13:24:54,0e988d23412de460
Nicaragua,2026-10-05,Bolsagro,Mercado Mayoreo,Managua,mayorista,frutas,,Limón indio,limon indio,,,Mediano,,Cien und (10 lb),cien,10.0,NIO,300.0,300.0,,300.0,300.0,30.0,36.753301,8.1625,0.816253,https://www.bolsagro.com.ni/estadisticas/precios-nacionales/59-precios-agropecuarios.html,,2026-10-09T13:24:54,5f836505eda2bdae
Nicaragua,2026-10-05,Bolsagro,Mercado Mayoreo,Managua,mayorista,frutas,,Limón indio,limon indio,,,Pequeño,,Cien und (7 lb),cien,7.0,NIO,280.0,280.0,,280.0,280.0,40.0,36.753301,7.6184,1.088338,https://www.bolsagro.com.ni/estadisticas/precios-nacionales/59-precios-agropecuarios.html,,2026-10-09T13:24:54,78cb71d6c4ba3b71
Nicaragua,2026-10-05,Bolsagro,Mercado Mayoreo,Managua,mayorista,frutas,,Maracuyá,maracuya,,,Mediano,,Cien und (25 lb),cien,25.0,NIO,750.0,750.0,,750.0,750.0,30.0,36.753301,20.4063,0.816253,https://www.bolsagro.com.ni/estadisticas/precios-nacionales/59-precios-agropecuarios.html,,2026-10-09T13:24:54,230de4ac5d0c7ce4
Nicaragua,2026-10-05,Bolsagro,Mercado Mayoreo,Managua,mayorista,frutas,,Maracuyá,maracuya,,,Pequeño,,Cien und (20 lb),cien,20.0,NIO,600.0,600.0,,600.0,600.0,30.0,36.753301,16.3251,0.816253,https://www.bolsagro.com.ni/estadisticas/precios-nacionales/59-precios-agropecuarios.html,,2026-10-09T13:24:54,a81e12c331b46b44
Nicaragua,2026-10-05,Bolsagro,Mercado Mayoreo,Managua,mayorista,frutas,,Melón Cantaloupe,melon cantaloupe,,,Mediano,,Cien und (250 lb),cien,250.0,NIO,3500.0,3500.0,,3500.0,3500.0,14.0,36.753301,95.2295,0.380918,https://www.bolsagro.com.ni/estadisticas/precios-nacionales/59-precios-agropecuarios.html,,2026-10-09T13:24:54,ebe75833e667bd01
Nicaragua,2026-10-05,Bolsagro,Mercado Mayoreo,Managua,mayorista,frutas,,Naranja Valencia,naranja valencia,,,Grande,,Cien und (95-105 lb),cien,100.0,NIO,300.0,300.0,,300.0,300.0,3.0,36.753301,8.1625,0.081625,https://www.bolsagro.com.ni/estadisticas/precios-nacionales/59-precios-agropecuarios.html,,2026-10-09T13:24:54,dd81ab881823178b
Nicaragua,2026-10-05,Bolsagro,Mercado Mayoreo,Managua,mayorista,frutas,,Naranja Valencia,naranja valencia,,,Mediano,,Cien und (65-75 lb),cien,70.0,NIO,600.0,600.0,,600.0,600.0,8.5714,36.753301,16.3251,0.233214,https://www.bolsagro.com.ni/estadisticas/precios-nacionales/59-precios-agropecuarios.html,,2026-10-09T13:24:54,a310e15767ca0720
Nicaragua,2026-10-05,Bolsagro,Mercado Mayoreo,Managua,mayorista,frutas,,Naranja Valencia,naranja valencia,,,Pequeño,,Cien und (35-45 lb),cien,40.0,NIO,200.0,200.0,,200.0,200.0,5.0,36.753301,5.4417,0.136042,https://www.bolsagro.com.ni/estadisticas/precios-nacionales/59-precios-agropecuarios.html,,2026-10-09T13:24:54,256cd8a789641711
Nicaragua,2026-10-05,Bolsagro,Mercado Mayoreo,Managua,mayorista,frutas,,Naranja agria,naranja agria,,,Mediano,,Cien und (45-50 lb),cien,47.5,NIO,800.0,800.0,,800.0,800.0,16.8421,36.753301,21.7668,0.458247,https://www.bolsagro.com.ni/estadisticas/precios-nacionales/59-precios-agropecuarios.html,,2026-10-09T13:24:54,3a1157181855fe45
Nicaragua,2026-10-05,Bolsagro,Mercado Mayoreo,Managua,mayorista,frutas,,Naranja agria,naranja agria,,,Pequeño,,Cien und (30-35 lb),cien,32.5,NIO,700.0,700.0,,700.0,700.0,21.5385,36.753301,19.0459,0.586029,https://www.bolsagro.com.ni/estadisticas/precios-nacionales/59-precios-agropecuarios.html,,2026-10-09T13:24:54,9aa300f138b20cdc
Nicaragua,2026-10-05,Bolsagro,Mercado Mayoreo,Managua,mayorista,frutas,,Papaya,papaya,,,Grande,,Docena (144-192 lb),docena,168.0,NIO,370.0,370.0,,370.0,370.0,2.2024,36.753301,10.0671,0.059924,https://www.bolsagro.com.ni/estadisticas/precios-nacionales/59-precios-agropecuarios.html,,2026-10-09T13:24:54,33c5af8b23997c1c
Nicaragua,2026-10-05,Bolsagro,Mercado Mayoreo,Managua,mayorista,frutas,,Papaya,papaya,,,Mediano,,Docena (96-120 lb),docena,108.0,NIO,320.0,320.0,,320.0,320.0,2.963,36.753301,8.7067,0.080619,https://www.bolsagro.com.ni/estadisticas/precios-nacionales/59-precios-agropecuarios.html,,2026-10-09T13:24:54,772972fa3192878f
Nicaragua,2026-10-05,Bolsagro,Mercado Mayoreo,Managua,mayorista,frutas,,Piña ácida,pina acida,,,Grande,,Docena (72 lb),docena,72.0,NIO,600.0,600.0,,600.0,600.0,8.3333,36.753301,16.3251,0.226736,https://www.bolsagro.com.ni/estadisticas/precios-nacionales/59-precios-agropecuarios.html,,2026-10-09T13:24:54,0d2081a81cff84d6
Nicaragua,2026-10-05,Bolsagro,Mercado Mayoreo,Managua,mayorista,frutas,,Piña ácida,pina acida,,,Mediano,,Docena (48 lb),docena,48.0,NIO,450.0,450.0,,450.0,450.0,9.375,36.753301,12.2438,0.255079,https://www.bolsagro.com.ni/estadisticas/precios-nacionales/59-precios-agropecuarios.html,,2026-10-09T13:24:54,011bb4457be89b22
Nicaragua,2026-10-05,Bolsagro,Mercado Mayoreo,Managua,mayorista,frutas,,Piña ácida,pina acida,,,Pequeño,,Docena (30-36 lb),docena,33.0,NIO,400.0,400.0,,400.0,400.0,12.1212,36.753301,10.8834,0.329799,https://www.bolsagro.com.ni/estadisticas/precios-nacionales/59-precios-agropecuarios.html,,2026-10-09T13:24:54,43e6b604e6fb320a
Nicaragua,2026-10-05,Bolsagro,Mercado Mayoreo,Managua,mayorista,frutas,,Plátano maduro,platano maduro,,,Grande,,Cien und (80-90 lb),cien,85.0,NIO,970.0,970.0,,970.0,970.0,11.4118,36.753301,26.3922,0.310497,https://www.bolsagro.com.ni/estadisticas/precios-nacionales/59-precios-agropecuarios.html,,2026-10-09T13:24:54,0df4656e65d6da81
Nicaragua,2026-10-05,Bolsagro,Mercado Mayoreo,Managua,mayorista,frutas,,Plátano maduro,platano maduro,,,Mediano,,Cien und (50 lb),cien,50.0,NIO,780.0,780.0,,780.0,780.0,15.6,36.753301,21.2226,0.424452,https://www.bolsagro.com.ni/estadisticas/precios-nacionales/59-precios-agropecuarios.html,,2026-10-09T13:24:54,1bc4de5051b49e5d
Nicaragua,2026-10-05,Bolsagro,Mercado Mayoreo,Managua,mayorista,frutas,,Plátano maduro,platano maduro,,,Pequeño,,Cien und (25-30 lb),cien,27.5,NIO,650.0,650.0,,650.0,650.0,23.6364,36.753301,17.6855,0.64311,https://www.bolsagro.com.ni/estadisticas/precios-nacionales/59-precios-agropecuarios.html,,2026-10-09T13:24:54,985a45e567ce977c
Nicaragua,2026-10-05,Bolsagro,Mercado Mayoreo,Managua,mayorista,frutas,,Plátano verde,platano verde,,,Grande,,Cien und (80-90 lb),cien,85.0,NIO,970.0,970.0,,970.0,970.0,11.4118,36.753301,26.3922,0.310497,https://www.bolsagro.com.ni/estadisticas/precios-nacionales/59-precios-agropecuarios.html,,2026-10-09T13:24:54,42df779ceecdd2b3
Nicaragua,2026-10-05,Bolsagro,Mercado Mayoreo,Managua,mayorista,frutas,,Plátano verde,platano verde,,,Mediano,,Cien und (50 lb),cien,50.0,NIO,780.0,780.0,,780.0,780.0,15.6,36.753301,21.2226,0.424452,https://www.bolsagro.com.ni/estadisticas/precios-nacionales/59-precios-agropecuarios.html,,2026-10-09T13:24:54,f77eb975e65bbf16
Nicaragua,2026-10-05,Bolsagro,Mercado Mayoreo,Managua,mayorista,frutas,,Plátano verde,platano verde,,,Pequeño,,Cien und (25-30 lb),cien,27.5,NIO,650.0,650.0,,650.0,650.0,23.6364,36.753301,17.6855,0.64311,https://www.bolsagro.com.ni/estadisticas/precios-nacionales/59-precios-agropecuarios.html,,2026-10-09T13:24:54,04e8997197ab4136
Nicaragua,2026-10-05,Bolsagro,Mercado Mayoreo,Managua,mayorista,frutas,,Sandía Mickey Lee,sandia mickey lee,,,Grande,,Docena (180 lb),docena,180.0,NIO,500.0,500.0,,500.0,500.0,2.7778,36.753301,13.6042,0.07558,https://www.bolsagro.com.ni/estadisticas/precios-nacionales/59-precios-agropecuarios.html,,2026-10-09T13:24:54,f7851de065417ca3
Nicaragua,2026-10-05,Bolsagro,Mercado Mayoreo,Managua,mayorista,frutas,,Sandía Mickey Lee,sandia mickey lee,,,Mediano,,Docena (108-132 lb),docena,120.0,NIO,600.0,600.0,,600.0,600.0,5.0,36.753301,16.3251,0.136042,https://www.bolsagro.com.ni/estadisticas/precios-nacionales/59-precios-agropecuarios.html,,2026-10-09T13:24:54,ca9821068124b76a
Nicaragua,2026-10-05,Bolsagro,Mercado Mayoreo,Managua,mayorista,frutas,,Sandía Mickey Lee,sandia mickey lee,,,Pequeño,,Docena (48-72 lb),docena,60.0,NIO,400.0,400.0,,400.0,400.0,6.6667,36.753301,10.8834,0.181391,https://www.bolsagro.com.ni/estadisticas/precios-nacionales/59-precios-agropecuarios.html,,2026-10-09T13:24:54,107cc16a91ca358c
Nicaragua,2026-10-05,Bolsagro,Mercado Mayoreo,Managua,mayorista,frutas,,Tamarindo sin cáscara,tamarindo sin cascara,,,Mediano,,Quintal (100 lb),quintal,100.0,NIO,5700.0,5700.0,,5700.0,5700.0,57.0,36.753301,155.0881,1.550881,https://www.bolsagro.com.ni/estadisticas/precios-nacionales/59-precios-agropecuarios.html,,2026-10-09T13:24:54,ff8358a0594d5b61
Nicaragua,2026-10-05,Bolsagro,Mercado Oriental,Managua,mayorista,granos,,Arroz (70/30),arroz (70/30),,,,,Quintal (100 lb),quintal,100.0,NIO,1850.0,1850.0,,1850.0,1850.0,18.5,36.753301,50.3356,0.503356,https://www.bolsagro.com.ni/estadisticas/precios-nacionales/59-precios-agropecuarios.html,,2026-10-09T13:24:54,29dcd0a9d05611c9
Nicaragua,2026-10-05,Bolsagro,Mercado Oriental,Managua,minorista,granos,,Arroz (70/30),arroz (70/30),,,,,Libra,libra,1.0,NIO,20.0,20.0,,20.0,20.0,20.0,36.753301,0.5442,0.544169,https://www.bolsagro.com.ni/estadisticas/precios-nacionales/59-precios-agropecuarios.html,,2026-10-09T13:24:54,b2004fe44de00a46
Nicaragua,2026-10-05,Bolsagro,Mercado Oriental,Managua,mayorista,granos,,Arroz (80/20),arroz (80/20),,,,,Quintal (100 lb),quintal,100.0,NIO,2100.0,2100.0,,2100.0,2100.0,21.0,36.753301,57.1377,0.571377,https://www.bolsagro.com.ni/estadisticas/precios-nacionales/59-precios-agropecuarios.html,,2026-10-09T13:24:54,cfa14a0fce5731e5
Nicaragua,2026-10-05,Bolsagro,Mercado Oriental,Managua,minorista,granos,,Arroz (80/20),arroz (80/20),,,,,Libra,libra,1.0,NIO,22.0,22.0,,22.0,22.0,22.0,36.753301,0.5986,0.598586,https://www.bolsagro.com.ni/estadisticas/precios-nacionales/59-precios-agropecuarios.html,,2026-10-09T13:24:54,5f4a660f03bd9635
Nicaragua,2026-10-05,Bolsagro,Mercado Oriental,Managua,mayorista,granos,,Arroz (96/4),arroz (96/4),,,,,Quintal (100 lb),quintal,100.0,NIO,2355.0,2355.0,,2355.0,2355.0,23.55,36.753301,64.0759,0.640759,https://www.bolsagro.com.ni/estadisticas/precios-nacionales/59-precios-agropecuarios.html,,2026-10-09T13:24:54,e1a1078ee2bbcaa0
Nicaragua,2026-10-05,Bolsagro,Mercado Oriental,Managua,minorista,granos,,Arroz (96/4),arroz (96/4),,,,,Libra,libra,1.0,NIO,25.0,25.0,,25.0,25.0,25.0,36.753301,0.6802,0.680211,https://www.bolsagro.com.ni/estadisticas/precios-nacionales/59-precios-agropecuarios.html,,2026-10-09T13:24:54,af136ceacfb51e45
Nicaragua,2026-10-05,Bolsagro,Mercado Oriental,Managua,mayorista,granos,,Arroz puntilla,arroz puntilla,,,,,Quintal (100 lb),quintal,100.0,NIO,850.0,850.0,,850.0,850.0,8.5,36.753301,23.1272,0.231272,https://www.bolsagro.com.ni/estadisticas/precios-nacionales/59-precios-agropecuarios.html,,2026-10-09T13:24:54,a123d9cf5b9cf74e
Nicaragua,2026-10-05,Bolsagro,Mercado Oriental,Managua,mayorista,granos,,Cacao,cacao,,,,,Quintal (100 lb),quintal,100.0,NIO,8200.0,8200.0,,8200.0,8200.0,82.0,36.753301,223.1092,2.231092,https://www.bolsagro.com.ni/estadisticas/precios-nacionales/59-precios-agropecuarios.html,,2026-10-09T13:24:54,890296546edf368e
Nicaragua,2026-10-05,Bolsagro,Mercado Oriental,Managua,mayorista,granos,,Frijol rojo,frijol rojo,,,,,Quintal (100 lb),quintal,100.0,NIO,2900.0,2900.0,,2900.0,2900.0,29.0,36.753301,78.9045,0.789045,https://www.bolsagro.com.ni/estadisticas/precios-nacionales/59-precios-agropecuarios.html,,2026-10-09T13:24:54,f2b5146c4e300c78
Nicaragua,2026-10-05,Bolsagro,Mercado Oriental,Managua,minorista,granos,,Frijol rojo,frijol rojo,,,,,Libra,libra,1.0,NIO,30.0,30.0,,30.0,30.0,30.0,36.753301,0.8163,0.816253,https://www.bolsagro.com.ni/estadisticas/precios-nacionales/59-precios-agropecuarios.html,,2026-10-09T13:24:54,587b7711ae79d324
Nicaragua,2026-10-05,Bolsagro,Mercado Oriental,Managua,mayorista,granos,,Frijol tinto,frijol tinto,,,,,Quintal (100 lb),quintal,100.0,NIO,2900.0,2900.0,,2900.0,2900.0,29.0,36.753301,78.9045,0.789045,https://www.bolsagro.com.ni/estadisticas/precios-nacionales/59-precios-agropecuarios.html,,2026-10-09T13:24:54,321906deb37c9000
Nicaragua,2026-10-05,Bolsagro,Mercado Oriental,Managua,minorista,granos,,Frijol tinto,frijol tinto,,,,,Libra,libra,1.0,NIO,30.0,30.0,,30.0,30.0,30.0,36.753301,0.8163,0.816253,https://www.bolsagro.com.ni/estadisticas/precios-nacionales/59-precios-agropecuarios.html,,2026-10-09T13:24:54,b9d7a724624132b2
Nicaragua,2026-10-05,Bolsagro,Mercado Oriental,Managua,mayorista,granos,,Maíz blanco,maiz blanco,,,,,Quintal (100 lb),quintal,100.0,NIO,1300.0,1300.0,,1300.0,1300.0,13.0,36.753301,35.371,0.35371,https://www.bolsagro.com.ni/estadisticas/precios-nacionales/59-precios-agropecuarios.html,,2026-10-09T13:24:54,b6995ec58358ebe1
Nicaragua,2026-10-05,Bolsagro,Mercado Oriental,Managua,minorista,granos,,Maíz blanco,maiz blanco,,,,,Libra,libra,1.0,NIO,14.0,14.0,,14.0,14.0,14.0,36.753301,0.3809,0.380918,https://www.bolsagro.com.ni/estadisticas/precios-nacionales/59-precios-agropecuarios.html,,2026-10-09T13:24:54,1827ce25040a283e
Nicaragua,2026-10-05,Bolsagro,Mercado Oriental,Managua,mayorista,granos,,Semilla jícaro,semilla jicaro,,,,,Quintal (100 lb),quintal,100.0,NIO,4300.0,4300.0,,4300.0,4300.0,43.0,36.753301,116.9963,1.169963,https://www.bolsagro.com.ni/estadisticas/precios-nacionales/59-precios-agropecuarios.html,,2026-10-09T13:24:54,e5a11767e78ad0da
Nicaragua,2026-10-05,Bolsagro,Mercado Oriental,Managua,mayorista,granos,,Sorgo blanco,sorgo blanco,,,,,Quintal (100 lb),quintal,100.0,NIO,1300.0,1300.0,,1300.0,1300.0,13.0,36.753301,35.371,0.35371,https://www.bolsagro.com.ni/estadisticas/precios-nacionales/59-precios-agropecuarios.html,,2026-10-09T13:24:54,bd9b5c6f0f256f85
Nicaragua,2026-10-05,Bolsagro,Mercado Oriental,Managua,minorista,granos,,Sorgo blanco,sorgo blanco,,,,,Libra,libra,1.0,NIO,15.0,15.0,,15.0,15.0,15.0,36.753301,0.4081,0.408127,https://www.bolsagro.com.ni/estadisticas/precios-nacionales/59-precios-agropecuarios.html,,2026-10-09T13:24:54,65921dc162b14425
Nicaragua,2026-10-05,Bolsagro,Mercado Oriental,Managua,mayorista,granos,,Sorgo rojo,sorgo rojo,,,,,Quintal (100 lb),quintal,100.0,NIO,1400.0,1400.0,,1400.0,1400.0,14.0,36.753301,38.0918,0.380918,https://www.bolsagro.com.ni/estadisticas/precios-nacionales/59-precios-agropecuarios.html,,2026-10-09T13:24:54,e2012c1eb38bfdc2
Nicaragua,2026-10-05,Bolsagro,Mercado Oriental,Managua,mayorista,granos,,Soya,soya,,,,,Quintal (100 lb),quintal,100.0,NIO,4600.0,4600.0,,4600.0,4600.0,46.0,36.753301,125.1588,1.251588,https://www.bolsagro.com.ni/estadisticas/precios-nacionales/59-precios-agropecuarios.html,,2026-10-09T13:24:54,58fed5f30702ff30
Nicaragua,2026-10-05,Bolsagro,Mercado Mayoreo,Managua,mayorista,hortalizas,,"Ajo blanco, CAT 1","ajo blanco, cat 1",,,Calibre 50 mm,,Caja (10 kg),caja,22.0462,NIO,1000.0,1000.0,,1000.0,1000.0,45.3593,36.753301,27.2084,1.234156,https://www.bolsagro.com.ni/estadisticas/precios-nacionales/59-precios-agropecuarios.html,,2026-10-09T13:24:54,f33f92b84c1f33b6
Nicaragua,2026-10-05,Bolsagro,Mercado Mayoreo,Managua,mayorista,hortalizas,,"Ajo blanco, CAT 1","ajo blanco, cat 1",,,Calibre 50 mm,,Caja (5kg),caja,11.0231,NIO,500.0,500.0,,500.0,500.0,45.3593,36.753301,13.6042,1.234156,https://www.bolsagro.com.ni/estadisticas/precios-nacionales/59-precios-agropecuarios.html,,2026-10-09T13:24:54,e5b69deeb914c72f
Nicaragua,2026-10-05,Bolsagro,Mercado Mayoreo,Managua,mayorista,hortalizas,,Apio,apio,,,Mediano,,Saco 30 mazos (80-90 lb),saco,85.0,NIO,1800.0,1800.0,,1800.0,1800.0,21.1765,36.753301,48.9752,0.57618,https://www.bolsagro.com.ni/estadisticas/precios-nacionales/59-precios-agropecuarios.html,,2026-10-09T13:24:54,f89e0237323f7b5f
Nicaragua,2026-10-05,Bolsagro,Mercado Mayoreo,Managua,mayorista,hortalizas,,Ayote maduro,ayote maduro,,,Grande,,Docena (180 lb),docena,180.0,NIO,750.0,750.0,,750.0,750.0,4.1667,36.753301,20.4063,0.113369,https://www.bolsagro.com.ni/estadisticas/precios-nacionales/59-precios-agropecuarios.html,,2026-10-09T13:24:54,4dbff82350f64248
Nicaragua,2026-10-05,Bolsagro,Mercado Mayoreo,Managua,mayorista,hortalizas,,Ayote maduro,ayote maduro,,,Mediano,,Docena (120 lb),docena,120.0,NIO,450.0,450.0,,450.0,450.0,3.75,36.753301,12.2438,0.102032,https://www.bolsagro.com.ni/estadisticas/precios-nacionales/59-precios-agropecuarios.html,,2026-10-09T13:24:54,c1eae445f345849a
Nicaragua,2026-10-05,Bolsagro,Mercado Mayoreo,Managua,mayorista,hortalizas,,Ayote tierno,ayote tierno,,,Pequeño,,Docena (60 lb),docena,60.0,NIO,250.0,250.0,,250.0,250.0,4.1667,36.753301,6.8021,0.113369,https://www.bolsagro.com.ni/estadisticas/precios-nacionales/59-precios-agropecuarios.html,,2026-10-09T13:24:54,673bd88474a90b93
Nicaragua,2026-10-05,Bolsagro,Mercado Mayoreo,Managua,mayorista,hortalizas,,Brócoli,brocoli,,,Pequeño,,Docena (12 lb),docena,12.0,NIO,550.0,550.0,,550.0,550.0,45.8333,36.753301,14.9646,1.247053,https://www.bolsagro.com.ni/estadisticas/precios-nacionales/59-precios-agropecuarios.html,,2026-10-09T13:24:54,b6186313ffbb69d3
Nicaragua,2026-10-05,Bolsagro,Mercado Mayoreo,Managua,mayorista,hortalizas,,Cebolla amarilla seca,cebolla amarilla seca,,,Mediano,,Saco (50 lb),saco,50.0,NIO,850.0,850.0,,850.0,850.0,17.0,36.753301,23.1272,0.462543,https://www.bolsagro.com.ni/estadisticas/precios-nacionales/59-precios-agropecuarios.html,,2026-10-09T13:24:54,277ed110f6588610
Nicaragua,2026-10-05,Bolsagro,Mercado Mayoreo,Managua,mayorista,hortalizas,,Cebolla amarilla seca,cebolla amarilla seca,,,Pequeño,,Saco (50 lb),saco,50.0,NIO,800.0,800.0,,800.0,800.0,16.0,36.753301,21.7668,0.435335,https://www.bolsagro.com.ni/estadisticas/precios-nacionales/59-precios-agropecuarios.html,,2026-10-09T13:24:54,5278b18a411aeaac
Nicaragua,2026-10-05,Bolsagro,Mercado Mayoreo,Managua,mayorista,hortalizas,,Chayote verde oscuro,chayote verde oscuro,,,Grande,,Saco de 200 und (150 lb),saco,150.0,NIO,1100.0,1100.0,,1100.0,1100.0,7.3333,36.753301,29.9293,0.199528,https://www.bolsagro.com.ni/estadisticas/precios-nacionales/59-precios-agropecuarios.html,,2026-10-09T13:24:54,ff55327cae81c191
Nicaragua,2026-10-05,Bolsagro,Mercado Mayoreo,Managua,mayorista,hortalizas,,Chile Jalapeño,chile jalapeno,,,Mediano,,Quintal (100 lb),quintal,100.0,NIO,600.0,600.0,,600.0,600.0,6.0,36.753301,16.3251,0.163251,https://www.bolsagro.com.ni/estadisticas/precios-nacionales/59-precios-agropecuarios.html,,2026-10-09T13:24:54,52736dbc1dd4d579
Nicaragua,2026-10-05,Bolsagro,Mercado Mayoreo,Managua,mayorista,hortalizas,,Chilote,chilote,,,Mediano,,Cien und (30-35 lb),cien,32.5,NIO,220.0,220.0,,220.0,220.0,6.7692,36.753301,5.9859,0.184179,https://www.bolsagro.com.ni/estadisticas/precios-nacionales/59-precios-agropecuarios.html,,2026-10-09T13:24:54,4d4e06ff1d712cb3
Nicaragua,2026-10-05,Bolsagro,Mercado Mayoreo,Managua,mayorista,hortalizas,,Chiltoma,chiltoma,,,Mediano,,Saco (50-60 lb),saco,55.0,NIO,750.0,750.0,,750.0,750.0,13.6364,36.753301,20.4063,0.371025,https://www.bolsagro.com.ni/estadisticas/precios-nacionales/59-precios-agropecuarios.html,,2026-10-09T13:24:54,03062e61a364a800
Nicaragua,2026-10-05,Bolsagro,Mercado Mayoreo,Managua,mayorista,hortalizas,,Coliflor,coliflor,,,Mediano,,Docena (24 lb),docena,24.0,NIO,600.0,600.0,,600.0,600.0,25.0,36.753301,16.3251,0.680211,https://www.bolsagro.com.ni/estadisticas/precios-nacionales/59-precios-agropecuarios.html,,2026-10-09T13:24:54,fa6f0ba9fd7d7da2
Nicaragua,2026-10-05,Bolsagro,Mercado Mayoreo,Managua,mayorista,hortalizas,,Culantro,culantro,,,Mediano,,Mazo (2.5-3 oz),mazo,0.1719,NIO,50.0,50.0,,50.0,50.0,290.8668,36.753301,1.3604,7.914032,https://www.bolsagro.com.ni/estadisticas/precios-nacionales/59-precios-agropecuarios.html,,2026-10-09T13:24:54,7917b2b95aed4016
Nicaragua,2026-10-05,Bolsagro,Mercado Mayoreo,Managua,mayorista,hortalizas,,Elote blanco,elote blanco,,,Mediano,,Cien und (70-80 lb),cien,75.0,NIO,800.0,800.0,,800.0,800.0,10.6667,36.753301,21.7668,0.290224,https://www.bolsagro.com.ni/estadisticas/precios-nacionales/59-precios-agropecuarios.html,,2026-10-09T13:24:54,222d1217fff40a6d
Nicaragua,2026-10-05,Bolsagro,Mercado Mayoreo,Managua,mayorista,hortalizas,,Hierbabuena,hierbabuena,,,Mediano,,Canasto 30 doc (50-60 lb),canasto,55.0,NIO,1500.0,1500.0,,1500.0,1500.0,27.2727,36.753301,40.8127,0.742048,https://www.bolsagro.com.ni/estadisticas/precios-nacionales/59-precios-agropecuarios.html,,2026-10-09T13:24:54,a2840701b0faf42d
Nicaragua,2026-10-05,Bolsagro,Mercado Mayoreo,Managua,mayorista,hortalizas,,Lechuga Iceberg,lechuga iceberg,,,Mediano,,Docena (16-18 lb),docena,17.0,NIO,220.0,220.0,,220.0,220.0,12.9412,36.753301,5.9859,0.35211,https://www.bolsagro.com.ni/estadisticas/precios-nacionales/59-precios-agropecuarios.html,,2026-10-09T13:24:54,0b9615f29e887b36
Nicaragua,2026-10-05,Bolsagro,Mercado Mayoreo,Managua,mayorista,hortalizas,,Lechuga Iceberg,lechuga iceberg,,,Pequeño,,Docena (9-14 lb),docena,11.5,NIO,200.0,200.0,,200.0,200.0,17.3913,36.753301,5.4417,0.47319,https://www.bolsagro.com.ni/estadisticas/precios-nacionales/59-precios-agropecuarios.html,,2026-10-09T13:24:54,79e2e82265c1748d
Nicaragua,2026-10-05,Bolsagro,Mercado Mayoreo,Managua,mayorista,hortalizas,,Papa blanca,papa blanca,,,Mediano,,Quintal (100 lb),quintal,100.0,NIO,2400.0,2400.0,,2400.0,2400.0,24.0,36.753301,65.3003,0.653003,https://www.bolsagro.com.ni/estadisticas/precios-nacionales/59-precios-agropecuarios.html,,2026-10-09T13:24:54,ad7d7d2e7a95ab6e
Nicaragua,2026-10-05,Bolsagro,Mercado Mayoreo,Managua,mayorista,hortalizas,,Pepino,pepino,,,Mediano,,Saco (150 lb),saco,150.0,NIO,1000.0,1000.0,,1000.0,1000.0,6.6667,36.753301,27.2084,0.181391,https://www.bolsagro.com.ni/estadisticas/precios-nacionales/59-precios-agropecuarios.html,,2026-10-09T13:24:54,6aec9c417bc316d1
Nicaragua,2026-10-05,Bolsagro,Mercado Mayoreo,Managua,mayorista,hortalizas,,Perejil,perejil,,,Mediano,,Mazo (6-8 oz),mazo,0.4375,NIO,40.0,40.0,,40.0,40.0,91.4286,36.753301,1.0883,2.48763,https://www.bolsagro.com.ni/estadisticas/precios-nacionales/59-precios-agropecuarios.html,,2026-10-09T13:24:54,aa50e982a726656f
Nicaragua,2026-10-05,Bolsagro,Mercado Mayoreo,Managua,mayorista,hortalizas,,Pipián,pipian,,,Mediano,,Docena (8-9 lb),docena,8.5,NIO,150.0,150.0,,150.0,150.0,17.6471,36.753301,4.0813,0.48015,https://www.bolsagro.com.ni/estadisticas/precios-nacionales/59-precios-agropecuarios.html,,2026-10-09T13:24:54,c06f6fac36c62165
Nicaragua,2026-10-05,Bolsagro,Mercado Mayoreo,Managua,mayorista,hortalizas,,Quequisque,quequisque,,,Mediano,,Saco (110-130 lb),saco,120.0,NIO,2000.0,2000.0,,2000.0,2000.0,16.6667,36.753301,54.4169,0.453475,https://www.bolsagro.com.ni/estadisticas/precios-nacionales/59-precios-agropecuarios.html,,2026-10-09T13:24:54,378e1b33ef4a3b1a
Nicaragua,2026-10-05,Bolsagro,Mercado Mayoreo,Managua,mayorista,hortalizas,,Remolacha,remolacha,,,Grande,,Saco (95-100 lb),saco,97.5,NIO,1200.0,1200.0,,1200.0,1200.0,12.3077,36.753301,32.6501,0.334873,https://www.bolsagro.com.ni/estadisticas/precios-nacionales/59-precios-agropecuarios.html,,2026-10-09T13:24:54,d6c5a75d4f82c2ef
Nicaragua,2026-10-05,Bolsagro,Mercado Mayoreo,Managua,mayorista,hortalizas,,Repollo verde,repollo verde,,,Grande,,"Cien und (1,000-1,200 lb)",cien,200.0,NIO,3700.0,3700.0,,3700.0,3700.0,18.5,36.753301,100.6712,0.503356,https://www.bolsagro.com.ni/estadisticas/precios-nacionales/59-precios-agropecuarios.html,,2026-10-09T13:24:54,e56bdf15a0ac94d4
Nicaragua,2026-10-05,Bolsagro,Mercado Mayoreo,Managua,mayorista,hortalizas,,Repollo verde,repollo verde,,,Mediano,,Cien und (800 lb),cien,800.0,NIO,3500.0,3500.0,,3500.0,3500.0,4.375,36.753301,95.2295,0.119037,https://www.bolsagro.com.ni/estadisticas/precios-nacionales/59-precios-agropecuarios.html,,2026-10-09T13:24:54,b15ebf5a7d705fb0
Nicaragua,2026-10-05,Bolsagro,Mercado Mayoreo,Managua,mayorista,hortalizas,,Repollo verde,repollo verde,,,Pequeño,,Cien und (500 lb),cien,500.0,NIO,2500.0,2500.0,,2500.0,2500.0,5.0,36.753301,68.0211,0.136042,https://www.bolsagro.com.ni/estadisticas/precios-nacionales/59-precios-agropecuarios.html,,2026-10-09T13:24:54,5acb0b0284637a1c
Nicaragua,2026-10-05,Bolsagro,Mercado Mayoreo,Managua,mayorista,hortalizas,,Rábano,rabano,,,Mediano,,Mazo (1.5-2 lb),mazo,1.75,NIO,40.0,40.0,,40.0,40.0,22.8571,36.753301,1.0883,0.621906,https://www.bolsagro.com.ni/estadisticas/precios-nacionales/59-precios-agropecuarios.html,,2026-10-09T13:24:54,7f59350de610a50c
Nicaragua,2026-10-05,Bolsagro,Mercado Mayoreo,Managua,mayorista,hortalizas,,Tomate pera,tomate pera,,,Mediano,,Cesta plástica (45-50 lb),cesta,47.5,NIO,700.0,700.0,,700.0,700.0,14.7368,36.753301,19.0459,0.400965,https://www.bolsagro.com.ni/estadisticas/precios-nacionales/59-precios-agropecuarios.html,,2026-10-09T13:24:54,d3e2462dbd281850
Nicaragua,2026-10-05,Bolsagro,Mercado Mayoreo,Managua,mayorista,hortalizas,,Tomate pera,tomate pera,,,Pequeño,,Cesta plástica (45-50 lb),cesta,47.5,NIO,600.0,600.0,,600.0,600.0,12.6316,36.753301,16.3251,0.343686,https://www.bolsagro.com.ni/estadisticas/precios-nacionales/59-precios-agropecuarios.html,,2026-10-09T13:24:54,0966e2bad34a3cb6
Nicaragua,2026-10-05,Bolsagro,Mercado Mayoreo,Managua,mayorista,hortalizas,,Yuca blanca,yuca blanca,,,Mediano,,Saco (100 lb),saco,100.0,NIO,900.0,900.0,,900.0,900.0,9.0,36.753301,24.4876,0.244876,https://www.bolsagro.com.ni/estadisticas/precios-nacionales/59-precios-agropecuarios.html,,2026-10-09T13:24:54,3ec8848ed140d4ca
Nicaragua,2026-10-05,Bolsagro,Mercado Mayoreo,Managua,mayorista,hortalizas,,Zanahoria,zanahoria,,,Grande,,Saco (80 lb),saco,80.0,NIO,700.0,700.0,,700.0,700.0,8.75,36.753301,19.0459,0.238074,https://www.bolsagro.com.ni/estadisticas/precios-nacionales/59-precios-agropecuarios.html,,2026-10-09T13:24:54,ef49947748e1b72b
Nicaragua,2026-10-05,Bolsagro,Mercado Oriental,Managua,minorista,huevos,Otros,Huevo blanco grande de gallina,huevo blanco grande de gallina,,,,,Cajilla de 30 und (3.75 lb),cajilla,3.75,NIO,190.0,190.0,,190.0,190.0,50.6667,36.753301,5.1696,1.378562,https://www.bolsagro.com.ni/estadisticas/precios-nacionales/59-precios-agropecuarios.html,,2026-10-09T13:24:54,6fe7d389630dd595
Nicaragua,2026-10-05,Bolsagro,Mercado Oriental,Managua,minorista,huevos,Otros,Huevo blanco mediano de gallina,huevo blanco mediano de gallina,,,,,Cajilla de 30 und (3.30 lb),cajilla,3.3,NIO,175.0,175.0,,175.0,175.0,53.0303,36.753301,4.7615,1.442872,https://www.bolsagro.com.ni/estadisticas/precios-nacionales/59-precios-agropecuarios.html,,2026-10-09T13:24:54,bdd3e9cded118ef6
Nicaragua,2026-10-05,Bolsagro,Mercado Oriental,Managua,minorista,huevos,Otros,Huevo rojo grande de gallina,huevo rojo grande de gallina,,,,,Cajilla de 30 und (3.75 lb),cajilla,3.75,NIO,190.0,190.0,,190.0,190.0,50.6667,36.753301,5.1696,1.378562,https://www.bolsagro.com.ni/estadisticas/precios-nacionales/59-precios-agropecuarios.html,,2026-10-09T13:24:54,984076ad6f0927fe
Nicaragua,2026-10-05,Bolsagro,Mercado Oriental,Managua,minorista,huevos,Otros,Huevo rojo mediano de gallina,huevo rojo mediano de gallina,,,,,Cajilla de 30 und (3.30 lb),cajilla,3.3,NIO,175.0,175.0,,175.0,175.0,53.0303,36.753301,4.7615,1.442872,https://www.bolsagro.com.ni/estadisticas/precios-nacionales/59-precios-agropecuarios.html,,2026-10-09T13:24:54,8ee08fa1a479707d
Nicaragua,2026-10-05,Bolsagro,Mercado Oriental,Managua,minorista,lacteos,Lácteos,Crema,crema,,,,,Libra,libra,1.0,NIO,60.0,60.0,,60.0,60.0,60.0,36.753301,1.6325,1.632506,https://www.bolsagro.com.ni/estadisticas/precios-nacionales/59-precios-agropecuarios.html,,2026-10-09T13:24:54,c25af672cfabfff4
Nicaragua,2026-10-05,Bolsagro,Mercado Oriental,Managua,minorista,lacteos,Otros,Leche fluida pasteurizada,leche fluida pasteurizada,,,,,Litro (Cartón),litro,,NIO,57.0,57.0,,57.0,57.0,,36.753301,1.5509,,https://www.bolsagro.com.ni/estadisticas/precios-nacionales/59-precios-agropecuarios.html,,2026-10-09T13:24:54,ab5582ac00681ec0
Nicaragua,2026-10-05,Bolsagro,Mercado Oriental,Managua,minorista,lacteos,Lácteos,Mantequilla,mantequilla,,,,,Libra,libra,1.0,NIO,60.0,60.0,,60.0,60.0,60.0,36.753301,1.6325,1.632506,https://www.bolsagro.com.ni/estadisticas/precios-nacionales/59-precios-agropecuarios.html,,2026-10-09T13:24:54,e29e945dc03b85ee
Nicaragua,2026-10-05,Bolsagro,Mercado Oriental,Managua,minorista,lacteos,Lácteos,Queso fresco,queso fresco,,,,,Libra,libra,1.0,NIO,75.0,75.0,,75.0,75.0,75.0,36.753301,2.0406,2.040633,https://www.bolsagro.com.ni/estadisticas/precios-nacionales/59-precios-agropecuarios.html,,2026-10-09T13:24:54,2339344c86d4b28d
Nicaragua,2026-10-05,Bolsagro,Mercado Oriental,Managua,minorista,lacteos,Lácteos,Queso seco,queso seco,,,,,Libra,libra,1.0,NIO,88.0,88.0,,88.0,88.0,88.0,36.753301,2.3943,2.394343,https://www.bolsagro.com.ni/estadisticas/precios-nacionales/59-precios-agropecuarios.html,,2026-10-09T13:24:54,8db1cec531c2773b
Nicaragua,2026-10-05,Bolsagro,Mercado Oriental,Managua,minorista,pesca,Mariscos,Camarón,camaron,,,,,Libra,libra,1.0,NIO,230.0,230.0,,230.0,230.0,230.0,36.753301,6.2579,6.257941,https://www.bolsagro.com.ni/estadisticas/precios-nacionales/59-precios-agropecuarios.html,,2026-10-09T13:24:54,784eb956b72b26fb
Nicaragua,2026-10-05,Bolsagro,Mercado Oriental,Managua,minorista,pesca,Mariscos,Filete de Corvina,filete de corvina,,,,,Libra,libra,1.0,NIO,140.0,140.0,,140.0,140.0,140.0,36.753301,3.8092,3.809182,https://www.bolsagro.com.ni/estadisticas/precios-nacionales/59-precios-agropecuarios.html,,2026-10-09T13:24:54,c4d5369232e1b93b
Nicaragua,2026-10-05,Bolsagro,Mercado Oriental,Managua,minorista,pesca,Mariscos,Filete de Dorado,filete de dorado,,,,,Libra,libra,1.0,NIO,150.0,150.0,,150.0,150.0,150.0,36.753301,4.0813,4.081266,https://www.bolsagro.com.ni/estadisticas/precios-nacionales/59-precios-agropecuarios.html,,2026-10-09T13:24:54,b31ec51201feee44
Nicaragua,2026-10-05,Bolsagro,Mercado Oriental,Managua,minorista,pesca,Mariscos,Filete de Robalo,filete de robalo,,,,,Libra,libra,1.0,NIO,110.0,110.0,,110.0,110.0,110.0,36.753301,2.9929,2.992928,https://www.bolsagro.com.ni/estadisticas/precios-nacionales/59-precios-agropecuarios.html,,2026-10-09T13:24:54,992c12e885a47b0f
Nicaragua,2026-10-05,Bolsagro,Mercado Oriental,Managua,minorista,pesca,Mariscos,Filete de Roncador,filete de roncador,,,,,Libra,libra,1.0,NIO,110.0,110.0,,110.0,110.0,110.0,36.753301,2.9929,2.992928,https://www.bolsagro.com.ni/estadisticas/precios-nacionales/59-precios-agropecuarios.html,,2026-10-09T13:24:54,f499cb5db251d5a4
Nicaragua,2026-10-05,Bolsagro,Mercado Oriental,Managua,minorista,pesca,Mariscos,Filete de tiburón,filete de tiburon,,,,,Libra,libra,1.0,NIO,110.0,110.0,,110.0,110.0,110.0,36.753301,2.9929,2.992928,https://www.bolsagro.com.ni/estadisticas/precios-nacionales/59-precios-agropecuarios.html,,2026-10-09T13:24:54,e0097a97c7cdec72
Nicaragua,2026-10-05,Bolsagro,Mercado Oriental,Managua,minorista,pesca,Mariscos,Pescado Corvina,pescado corvina,,,,,Libra,libra,1.0,NIO,100.0,100.0,,100.0,100.0,100.0,36.753301,2.7208,2.720844,https://www.bolsagro.com.ni/estadisticas/precios-nacionales/59-precios-agropecuarios.html,,2026-10-09T13:24:54,00639f6f25b36d6e
Nicaragua,2026-10-05,Bolsagro,Mercado Oriental,Managua,minorista,pesca,Mariscos,Pescado Macarela,pescado macarela,,,,,Libra,libra,1.0,NIO,100.0,100.0,,100.0,100.0,100.0,36.753301,2.7208,2.720844,https://www.bolsagro.com.ni/estadisticas/precios-nacionales/59-precios-agropecuarios.html,,2026-10-09T13:24:54,ca77a42fa7556553
Nicaragua,2026-10-05,Bolsagro,Mercado Oriental,Managua,minorista,pesca,Mariscos,Pescado Pargo,pescado pargo,,,,,Libra,libra,1.0,NIO,140.0,140.0,,140.0,140.0,140.0,36.753301,3.8092,3.809182,https://www.bolsagro.com.ni/estadisticas/precios-nacionales/59-precios-agropecuarios.html,,2026-10-09T13:24:54,ff5f5cca67ee07dc
Nicaragua,2026-10-08,Bolsagro,Mercado Oriental,Managua,minorista,abarrotes,Otros,Aceite vegetal,aceite vegetal,,,,,Envase plástico (1 litro),litro,,NIO,88.0,88.0,,88.0,88.0,,36.754661,2.3943,,https://www.bolsagro.com.ni/estadisticas/precios-nacionales/59-precios-agropecuarios.html,,2026-10-10T13:18:19,80efcb172c4adda7
Nicaragua,2026-10-08,Bolsagro,Mercado Oriental,Managua,minorista,abarrotes,Otros,Azúcar,azucar,,,,,Libra,libra,1.0,NIO,16.0,16.0,,16.0,16.0,16.0,36.754661,0.4353,0.435319,https://www.bolsagro.com.ni/estadisticas/precios-nacionales/59-precios-agropecuarios.html,,2026-10-10T13:18:19,04c1efda295ad6eb
Nicaragua,2026-10-08,Bolsagro,Mercado Oriental,Managua,minorista,carnes,Carnes,"Cerdo, costilla","cerdo, costilla",,,,,Libra,libra,1.0,NIO,95.0,95.0,,95.0,95.0,95.0,36.754661,2.5847,2.584706,https://www.bolsagro.com.ni/estadisticas/precios-nacionales/59-precios-agropecuarios.html,,2026-10-10T13:18:19,ca3cceaebaeafcb4
Nicaragua,2026-10-08,Bolsagro,Mercado Oriental,Managua,minorista,carnes,Carnes,"Cerdo, posta","cerdo, posta",,,,,Libra,libra,1.0,NIO,95.0,95.0,,95.0,95.0,95.0,36.754661,2.5847,2.584706,https://www.bolsagro.com.ni/estadisticas/precios-nacionales/59-precios-agropecuarios.html,,2026-10-10T13:18:19,3413cb912cb418bb
Nicaragua,2026-10-08,Bolsagro,Mercado Oriental,Managua,minorista,carnes,Carnes,Muslos de pollo,muslos de pollo,,,,,Libra,libra,1.0,NIO,45.0,45.0,,45.0,45.0,45.0,36.754661,1.2243,1.224335,https://www.bolsagro.com.ni/estadisticas/precios-nacionales/59-precios-agropecuarios.html,,2026-10-10T13:18:19,27748bd6c56782c5
Nicaragua,2026-10-08,Bolsagro,Mercado Oriental,Managua,minorista,carnes,Carnes,Pechuga de pollo sin alas,pechuga de pollo sin alas,,,,,Libra,libra,1.0,NIO,67.0,67.0,,67.0,67.0,67.0,36.754661,1.8229,1.822898,https://www.bolsagro.com.ni/estadisticas/precios-nacionales/59-precios-agropecuarios.html,,2026-10-10T13:18:19,d87bfb100bc76980
Nicaragua,2026-10-08,Bolsagro,Mercado Oriental,Managua,minorista,carnes,Carnes,Pierna entera de pollo,pierna entera de pollo,,,,,Libra,libra,1.0,NIO,52.0,52.0,,52.0,52.0,52.0,36.754661,1.4148,1.414787,https://www.bolsagro.com.ni/estadisticas/precios-nacionales/59-precios-agropecuarios.html,,2026-10-10T13:18:19,e1bf0b1f55bc1542
Nicaragua,2026-10-08,Bolsagro,Mercado Oriental,Managua,minorista,carnes,Carnes,Pollo entero con menudos,pollo entero con menudos,,,,,Libra,libra,1.0,NIO,50.0,50.0,,50.0,50.0,50.0,36.754661,1.3604,1.360372,https://www.bolsagro.com.ni/estadisticas/precios-nacionales/59-precios-agropecuarios.html,,2026-10-10T13:18:19,6057e8558a0c1911
Nicaragua,2026-10-08,Bolsagro,Mercado Oriental,Managua,minorista,carnes,Carnes,Pollo entero sin menudos,pollo entero sin menudos,,,,,Libra,libra,1.0,NIO,50.0,50.0,,50.0,50.0,50.0,36.754661,1.3604,1.360372,https://www.bolsagro.com.ni/estadisticas/precios-nacionales/59-precios-agropecuarios.html,,2026-10-10T13:18:19,9c5b575bdb18ffcf
Nicaragua,2026-10-08,Bolsagro,Mercado Oriental,Managua,minorista,carnes,Carnes,Posta de res,posta de res,,,,,Libra,libra,1.0,NIO,140.0,140.0,,140.0,140.0,140.0,36.754661,3.809,3.809041,https://www.bolsagro.com.ni/estadisticas/precios-nacionales/59-precios-agropecuarios.html,,2026-10-10T13:18:19,a795e5e90bff90a5
Nicaragua,2026-10-08,Bolsagro,Mercado Mayoreo,Managua,mayorista,frutas,,Aguacate,aguacate,,,Mediano,,Cien und (68 lb),cien,68.0,NIO,3200.0,3200.0,,3200.0,3200.0,47.0588,36.754661,87.0638,1.280349,https://www.bolsagro.com.ni/estadisticas/precios-nacionales/59-precios-agropecuarios.html,,2026-10-10T13:18:19,191a1f91edd6b140
Nicaragua,2026-10-08,Bolsagro,Mercado Mayoreo,Managua,mayorista,frutas,,Aguacate,aguacate,,,Pequeño,,Cien und (50 lb),cien,50.0,NIO,2700.0,2700.0,,2700.0,2700.0,54.0,36.754661,73.4601,1.469201,https://www.bolsagro.com.ni/estadisticas/precios-nacionales/59-precios-agropecuarios.html,,2026-10-10T13:18:19,bea00ecf89ec9685
Nicaragua,2026-10-08,Bolsagro,Mercado Mayoreo,Managua,mayorista,frutas,,Banano maduro,banano maduro,,,Mediano,,Canasto 250 und (62-64 lb),canasto,63.0,NIO,320.0,320.0,,320.0,320.0,5.0794,36.754661,8.7064,0.138197,https://www.bolsagro.com.ni/estadisticas/precios-nacionales/59-precios-agropecuarios.html,,2026-10-10T13:18:19,13aea7566c5420a3
Nicaragua,2026-10-08,Bolsagro,Mercado Mayoreo,Managua,mayorista,frutas,,Banano verde,banano verde,,,Grande,,Cien und (50 lb),cien,50.0,NIO,280.0,280.0,,280.0,280.0,5.6,36.754661,7.6181,0.152362,https://www.bolsagro.com.ni/estadisticas/precios-nacionales/59-precios-agropecuarios.html,,2026-10-10T13:18:19,c0278fccfcbcffb7
Nicaragua,2026-10-08,Bolsagro,Mercado Mayoreo,Managua,mayorista,frutas,,Coco seco,coco seco,,,Grande,,Cien und (180 lb),cien,180.0,NIO,2800.0,2800.0,,2800.0,2800.0,15.5556,36.754661,76.1808,0.423228,https://www.bolsagro.com.ni/estadisticas/precios-nacionales/59-precios-agropecuarios.html,,2026-10-10T13:18:19,742565b30cb26230
Nicaragua,2026-10-08,Bolsagro,Mercado Mayoreo,Managua,mayorista,frutas,,Coco seco,coco seco,,,Mediano,,Cien und (160 lb),cien,160.0,NIO,2600.0,2600.0,,2600.0,2600.0,16.25,36.754661,70.7393,0.442121,https://www.bolsagro.com.ni/estadisticas/precios-nacionales/59-precios-agropecuarios.html,,2026-10-10T13:18:19,753f39d8d320a396
Nicaragua,2026-10-08,Bolsagro,Mercado Mayoreo,Managua,mayorista,frutas,,Limón Persa,limon persa,,,Mediano,,Cien und (20-25 lb),cien,22.5,NIO,400.0,400.0,,400.0,400.0,17.7778,36.754661,10.883,0.483688,https://www.bolsagro.com.ni/estadisticas/precios-nacionales/59-precios-agropecuarios.html,,2026-10-10T13:18:19,f4d03376986de6ca
Nicaragua,2026-10-08,Bolsagro,Mercado Mayoreo,Managua,mayorista,frutas,,Limón indio,limon indio,,,Mediano,,Cien und (10 lb),cien,10.0,NIO,300.0,300.0,,300.0,300.0,30.0,36.754661,8.1622,0.816223,https://www.bolsagro.com.ni/estadisticas/precios-nacionales/59-precios-agropecuarios.html,,2026-10-10T13:18:19,caf89fe6a9cf8cf1
Nicaragua,2026-10-08,Bolsagro,Mercado Mayoreo,Managua,mayorista,frutas,,Limón indio,limon indio,,,Pequeño,,Cien und (7 lb),cien,7.0,NIO,280.0,280.0,,280.0,280.0,40.0,36.754661,7.6181,1.088297,https://www.bolsagro.com.ni/estadisticas/precios-nacionales/59-precios-agropecuarios.html,,2026-10-10T13:18:19,1e684d026f264402
Nicaragua,2026-10-08,Bolsagro,Mercado Mayoreo,Managua,mayorista,frutas,,Maracuyá,maracuya,,,Mediano,,Cien und (25 lb),cien,25.0,NIO,750.0,750.0,,750.0,750.0,30.0,36.754661,20.4056,0.816223,https://www.bolsagro.com.ni/estadisticas/precios-nacionales/59-precios-agropecuarios.html,,2026-10-10T13:18:19,05b7077b9c3a2483
Nicaragua,2026-10-08,Bolsagro,Mercado Mayoreo,Managua,mayorista,frutas,,Maracuyá,maracuya,,,Pequeño,,Cien und (20 lb),cien,20.0,NIO,600.0,600.0,,600.0,600.0,30.0,36.754661,16.3245,0.816223,https://www.bolsagro.com.ni/estadisticas/precios-nacionales/59-precios-agropecuarios.html,,2026-10-10T13:18:19,1099b03469230d3b
Nicaragua,2026-10-08,Bolsagro,Mercado Mayoreo,Managua,mayorista,frutas,,Melón Cantaloupe,melon cantaloupe,,,Mediano,,Cien und (250 lb),cien,250.0,NIO,3500.0,3500.0,,3500.0,3500.0,14.0,36.754661,95.226,0.380904,https://www.bolsagro.com.ni/estadisticas/precios-nacionales/59-precios-agropecuarios.html,,2026-10-10T13:18:19,039f97b2983bf6d5
Nicaragua,2026-10-08,Bolsagro,Mercado Mayoreo,Managua,mayorista,frutas,,Naranja Valencia,naranja valencia,,,Grande,,Cien und (95-105 lb),cien,100.0,NIO,380.0,380.0,,380.0,380.0,3.8,36.754661,10.3388,0.103388,https://www.bolsagro.com.ni/estadisticas/precios-nacionales/59-precios-agropecuarios.html,,2026-10-10T13:18:19,b8ab26b4e8a512f8
Nicaragua,2026-10-08,Bolsagro,Mercado Mayoreo,Managua,mayorista,frutas,,Naranja Valencia,naranja valencia,,,Mediano,,Cien und (65-75 lb),cien,70.0,NIO,600.0,600.0,,600.0,600.0,8.5714,36.754661,16.3245,0.233206,https://www.bolsagro.com.ni/estadisticas/precios-nacionales/59-precios-agropecuarios.html,,2026-10-10T13:18:19,1689e1c68712461c
Nicaragua,2026-10-08,Bolsagro,Mercado Mayoreo,Managua,mayorista,frutas,,Naranja Valencia,naranja valencia,,,Pequeño,,Cien und (35-45 lb),cien,40.0,NIO,200.0,200.0,,200.0,200.0,5.0,36.754661,5.4415,0.136037,https://www.bolsagro.com.ni/estadisticas/precios-nacionales/59-precios-agropecuarios.html,,2026-10-10T13:18:19,3fb0c31e926ff019
Nicaragua,2026-10-08,Bolsagro,Mercado Mayoreo,Managua,mayorista,frutas,,Naranja agria,naranja agria,,,Mediano,,Cien und (45-50 lb),cien,47.5,NIO,800.0,800.0,,800.0,800.0,16.8421,36.754661,21.7659,0.45823,https://www.bolsagro.com.ni/estadisticas/precios-nacionales/59-precios-agropecuarios.html,,2026-10-10T13:18:19,a4d6b435505f243c
Nicaragua,2026-10-08,Bolsagro,Mercado Mayoreo,Managua,mayorista,frutas,,Naranja agria,naranja agria,,,Pequeño,,Cien und (30-35 lb),cien,32.5,NIO,700.0,700.0,,700.0,700.0,21.5385,36.754661,19.0452,0.586007,https://www.bolsagro.com.ni/estadisticas/precios-nacionales/59-precios-agropecuarios.html,,2026-10-10T13:18:19,83b16aeecdcfff66
Nicaragua,2026-10-08,Bolsagro,Mercado Mayoreo,Managua,mayorista,frutas,,Papaya,papaya,,,Grande,,Docena (144-192 lb),docena,168.0,NIO,370.0,370.0,,370.0,370.0,2.2024,36.754661,10.0668,0.059922,https://www.bolsagro.com.ni/estadisticas/precios-nacionales/59-precios-agropecuarios.html,,2026-10-10T13:18:19,473f692cb5195617
Nicaragua,2026-10-08,Bolsagro,Mercado Mayoreo,Managua,mayorista,frutas,,Papaya,papaya,,,Mediano,,Docena (96-120 lb),docena,108.0,NIO,320.0,320.0,,320.0,320.0,2.963,36.754661,8.7064,0.080616,https://www.bolsagro.com.ni/estadisticas/precios-nacionales/59-precios-agropecuarios.html,,2026-10-10T13:18:19,e27885a04d27c07a
Nicaragua,2026-10-08,Bolsagro,Mercado Mayoreo,Managua,mayorista,frutas,,Piña ácida,pina acida,,,Grande,,Docena (72 lb),docena,72.0,NIO,600.0,600.0,,600.0,600.0,8.3333,36.754661,16.3245,0.226728,https://www.bolsagro.com.ni/estadisticas/precios-nacionales/59-precios-agropecuarios.html,,2026-10-10T13:18:19,1ea06b6561349910
Nicaragua,2026-10-08,Bolsagro,Mercado Mayoreo,Managua,mayorista,frutas,,Piña ácida,pina acida,,,Mediano,,Docena (48 lb),docena,48.0,NIO,450.0,450.0,,450.0,450.0,9.375,36.754661,12.2433,0.25507,https://www.bolsagro.com.ni/estadisticas/precios-nacionales/59-precios-agropecuarios.html,,2026-10-10T13:18:19,d89b76c369dd62e6
Nicaragua,2026-10-08,Bolsagro,Mercado Mayoreo,Managua,mayorista,frutas,,Piña ácida,pina acida,,,Pequeño,,Docena (30-36 lb),docena,33.0,NIO,400.0,400.0,,400.0,400.0,12.1212,36.754661,10.883,0.329787,https://www.bolsagro.com.ni/estadisticas/precios-nacionales/59-precios-agropecuarios.html,,2026-10-10T13:18:19,b946950612e54ad3
Nicaragua,2026-10-08,Bolsagro,Mercado Mayoreo,Managua,mayorista,frutas,,Plátano maduro,platano maduro,,,Grande,,Cien und (80-90 lb),cien,85.0,NIO,970.0,970.0,,970.0,970.0,11.4118,36.754661,26.3912,0.310486,https://www.bolsagro.com.ni/estadisticas/precios-nacionales/59-precios-agropecuarios.html,,2026-10-10T13:18:19,8dd9cffa566c5562
Nicaragua,2026-10-08,Bolsagro,Mercado Mayoreo,Managua,mayorista,frutas,,Plátano maduro,platano maduro,,,Mediano,,Cien und (50 lb),cien,50.0,NIO,780.0,780.0,,780.0,780.0,15.6,36.754661,21.2218,0.424436,https://www.bolsagro.com.ni/estadisticas/precios-nacionales/59-precios-agropecuarios.html,,2026-10-10T13:18:19,36ed4532a61214c6
Nicaragua,2026-10-08,Bolsagro,Mercado Mayoreo,Managua,mayorista,frutas,,Plátano maduro,platano maduro,,,Pequeño,,Cien und (25-30 lb),cien,27.5,NIO,650.0,650.0,,650.0,650.0,23.6364,36.754661,17.6848,0.643086,https://www.bolsagro.com.ni/estadisticas/precios-nacionales/59-precios-agropecuarios.html,,2026-10-10T13:18:19,0a30b7a6e6fc560a
Nicaragua,2026-10-08,Bolsagro,Mercado Mayoreo,Managua,mayorista,frutas,,Plátano verde,platano verde,,,Grande,,Cien und (80-90 lb),cien,85.0,NIO,970.0,970.0,,970.0,970.0,11.4118,36.754661,26.3912,0.310486,https://www.bolsagro.com.ni/estadisticas/precios-nacionales/59-precios-agropecuarios.html,,2026-10-10T13:18:19,ee5d5c7f9a59768f
Nicaragua,2026-10-08,Bolsagro,Mercado Mayoreo,Managua,mayorista,frutas,,Plátano verde,platano verde,,,Mediano,,Cien und (50 lb),cien,50.0,NIO,780.0,780.0,,780.0,780.0,15.6,36.754661,21.2218,0.424436,https://www.bolsagro.com.ni/estadisticas/precios-nacionales/59-precios-agropecuarios.html,,2026-10-10T13:18:19,fd45b4896bfc0f52
Nicaragua,2026-10-08,Bolsagro,Mercado Mayoreo,Managua,mayorista,frutas,,Plátano verde,platano verde,,,Pequeño,,Cien und (25-30 lb),cien,27.5,NIO,650.0,650.0,,650.0,650.0,23.6364,36.754661,17.6848,0.643086,https://www.bolsagro.com.ni/estadisticas/precios-nacionales/59-precios-agropecuarios.html,,2026-10-10T13:18:19,397de4a0f358abd7
Nicaragua,2026-10-08,Bolsagro,Mercado Mayoreo,Managua,mayorista,frutas,,Sandía Mickey Lee,sandia mickey lee,,,Grande,,Docena (180 lb),docena,180.0,NIO,500.0,500.0,,500.0,500.0,2.7778,36.754661,13.6037,0.075577,https://www.bolsagro.com.ni/estadisticas/precios-nacionales/59-precios-agropecuarios.html,,2026-10-10T13:18:19,25ddf4cb1a5829da
Nicaragua,2026-10-08,Bolsagro,Mercado Mayoreo,Managua,mayorista,frutas,,Sandía Mickey Lee,sandia mickey lee,,,Mediano,,Docena (108-132 lb),docena,120.0,NIO,600.0,600.0,,600.0,600.0,5.0,36.754661,16.3245,0.136037,https://www.bolsagro.com.ni/estadisticas/precios-nacionales/59-precios-agropecuarios.html,,2026-10-10T13:18:19,c4286b092fdc6744
Nicaragua,2026-10-08,Bolsagro,Mercado Mayoreo,Managua,mayorista,frutas,,Sandía Mickey Lee,sandia mickey lee,,,Pequeño,,Docena (48-72 lb),docena,60.0,NIO,400.0,400.0,,400.0,400.0,6.6667,36.754661,10.883,0.181384,https://www.bolsagro.com.ni/estadisticas/precios-nacionales/59-precios-agropecuarios.html,,2026-10-10T13:18:19,f3f7198e18aa32f5
Nicaragua,2026-10-08,Bolsagro,Mercado Mayoreo,Managua,mayorista,frutas,,Tamarindo sin cáscara,tamarindo sin cascara,,,Mediano,,Quintal (100 lb),quintal,100.0,NIO,5700.0,5700.0,,5700.0,5700.0,57.0,36.754661,155.0824,1.550824,https://www.bolsagro.com.ni/estadisticas/precios-nacionales/59-precios-agropecuarios.html,,2026-10-10T13:18:19,cf73f79d56b90ec7
Nicaragua,2026-10-08,Bolsagro,Mercado Oriental,Managua,mayorista,granos,,Arroz (70/30),arroz (70/30),,,,,Quintal (100 lb),quintal,100.0,NIO,1850.0,1850.0,,1850.0,1850.0,18.5,36.754661,50.3338,0.503338,https://www.bolsagro.com.ni/estadisticas/precios-nacionales/59-precios-agropecuarios.html,,2026-10-10T13:18:19,cc49fd5188ebbdd1
Nicaragua,2026-10-08,Bolsagro,Mercado Oriental,Managua,minorista,granos,,Arroz (70/30),arroz (70/30),,,,,Libra,libra,1.0,NIO,20.0,20.0,,20.0,20.0,20.0,36.754661,0.5441,0.544149,https://www.bolsagro.com.ni/estadisticas/precios-nacionales/59-precios-agropecuarios.html,,2026-10-10T13:18:19,3484f9e2d1cec5c8
Nicaragua,2026-10-08,Bolsagro,Mercado Oriental,Managua,mayorista,granos,,Arroz (80/20),arroz (80/20),,,,,Quintal (100 lb),quintal,100.0,NIO,2100.0,2100.0,,2100.0,2100.0,21.0,36.754661,57.1356,0.571356,https://www.bolsagro.com.ni/estadisticas/precios-nacionales/59-precios-agropecuarios.html,,2026-10-10T13:18:19,9578a0d012775afc
Nicaragua,2026-10-08,Bolsagro,Mercado Oriental,Managua,minorista,granos,,Arroz (80/20),arroz (80/20),,,,,Libra,libra,1.0,NIO,22.0,22.0,,22.0,22.0,22.0,36.754661,0.5986,0.598564,https://www.bolsagro.com.ni/estadisticas/precios-nacionales/59-precios-agropecuarios.html,,2026-10-10T13:18:19,0226759103fa04ef
Nicaragua,2026-10-08,Bolsagro,Mercado Oriental,Managua,mayorista,granos,,Arroz (96/4),arroz (96/4),,,,,Quintal (100 lb),quintal,100.0,NIO,2355.0,2355.0,,2355.0,2355.0,23.55,36.754661,64.0735,0.640735,https://www.bolsagro.com.ni/estadisticas/precios-nacionales/59-precios-agropecuarios.html,,2026-10-10T13:18:19,6213cbb76dfc023d
Nicaragua,2026-10-08,Bolsagro,Mercado Oriental,Managua,minorista,granos,,Arroz (96/4),arroz (96/4),,,,,Libra,libra,1.0,NIO,25.0,25.0,,25.0,25.0,25.0,36.754661,0.6802,0.680186,https://www.bolsagro.com.ni/estadisticas/precios-nacionales/59-precios-agropecuarios.html,,2026-10-10T13:18:19,617c2bbf5623523e
Nicaragua,2026-10-08,Bolsagro,Mercado Oriental,Managua,mayorista,granos,,Arroz puntilla,arroz puntilla,,,,,Quintal (100 lb),quintal,100.0,NIO,850.0,850.0,,850.0,850.0,8.5,36.754661,23.1263,0.231263,https://www.bolsagro.com.ni/estadisticas/precios-nacionales/59-precios-agropecuarios.html,,2026-10-10T13:18:19,dde094a68afb5b83
Nicaragua,2026-10-08,Bolsagro,Mercado Oriental,Managua,mayorista,granos,,Cacao,cacao,,,,,Quintal (100 lb),quintal,100.0,NIO,8200.0,8200.0,,8200.0,8200.0,82.0,36.754661,223.101,2.23101,https://www.bolsagro.com.ni/estadisticas/precios-nacionales/59-precios-agropecuarios.html,,2026-10-10T13:18:19,a6ed0529cb449b8b
Nicaragua,2026-10-08,Bolsagro,Mercado Oriental,Managua,mayorista,granos,,Frijol rojo,frijol rojo,,,,,Quintal (100 lb),quintal,100.0,NIO,3000.0,3000.0,,3000.0,3000.0,30.0,36.754661,81.6223,0.816223,https://www.bolsagro.com.ni/estadisticas/precios-nacionales/59-precios-agropecuarios.html,,2026-10-10T13:18:19,19a5cc6b32754e1f
Nicaragua,2026-10-08,Bolsagro,Mercado Oriental,Managua,minorista,granos,,Frijol rojo,frijol rojo,,,,,Libra,libra,1.0,NIO,32.0,32.0,,32.0,32.0,32.0,36.754661,0.8706,0.870638,https://www.bolsagro.com.ni/estadisticas/precios-nacionales/59-precios-agropecuarios.html,,2026-10-10T13:18:19,2da5f9c69611950b
Nicaragua,2026-10-08,Bolsagro,Mercado Oriental,Managua,mayorista,granos,,Frijol tinto,frijol tinto,,,,,Quintal (100 lb),quintal,100.0,NIO,3000.0,3000.0,,3000.0,3000.0,30.0,36.754661,81.6223,0.816223,https://www.bolsagro.com.ni/estadisticas/precios-nacionales/59-precios-agropecuarios.html,,2026-10-10T13:18:19,9cd37e35983bd44e
Nicaragua,2026-10-08,Bolsagro,Mercado Oriental,Managua,minorista,granos,,Frijol tinto,frijol tinto,,,,,Libra,libra,1.0,NIO,32.0,32.0,,32.0,32.0,32.0,36.754661,0.8706,0.870638,https://www.bolsagro.com.ni/estadisticas/precios-nacionales/59-precios-agropecuarios.html,,2026-10-10T13:18:19,cd33a27aae05361a
Nicaragua,2026-10-08,Bolsagro,Mercado Oriental,Managua,mayorista,granos,,Maíz blanco,maiz blanco,,,,,Quintal (100 lb),quintal,100.0,NIO,1300.0,1300.0,,1300.0,1300.0,13.0,36.754661,35.3697,0.353697,https://www.bolsagro.com.ni/estadisticas/precios-nacionales/59-precios-agropecuarios.html,,2026-10-10T13:18:19,870641a5d5c46286
Nicaragua,2026-10-08,Bolsagro,Mercado Oriental,Managua,minorista,granos,,Maíz blanco,maiz blanco,,,,,Libra,libra,1.0,NIO,14.0,14.0,,14.0,14.0,14.0,36.754661,0.3809,0.380904,https://www.bolsagro.com.ni/estadisticas/precios-nacionales/59-precios-agropecuarios.html,,2026-10-10T13:18:19,6b9d995fe4ab5b3e
Nicaragua,2026-10-08,Bolsagro,Mercado Oriental,Managua,mayorista,granos,,Semilla jícaro,semilla jicaro,,,,,Quintal (100 lb),quintal,100.0,NIO,4300.0,4300.0,,4300.0,4300.0,43.0,36.754661,116.992,1.16992,https://www.bolsagro.com.ni/estadisticas/precios-nacionales/59-precios-agropecuarios.html,,2026-10-10T13:18:19,391a192708dce368
Nicaragua,2026-10-08,Bolsagro,Mercado Oriental,Managua,mayorista,granos,,Sorgo blanco,sorgo blanco,,,,,Quintal (100 lb),quintal,100.0,NIO,1400.0,1400.0,,1400.0,1400.0,14.0,36.754661,38.0904,0.380904,https://www.bolsagro.com.ni/estadisticas/precios-nacionales/59-precios-agropecuarios.html,,2026-10-10T13:18:19,72d1d5a064e46a14
Nicaragua,2026-10-08,Bolsagro,Mercado Oriental,Managua,minorista,granos,,Sorgo blanco,sorgo blanco,,,,,Libra,libra,1.0,NIO,15.0,15.0,,15.0,15.0,15.0,36.754661,0.4081,0.408112,https://www.bolsagro.com.ni/estadisticas/precios-nacionales/59-precios-agropecuarios.html,,2026-10-10T13:18:19,d23df95125745596
Nicaragua,2026-10-08,Bolsagro,Mercado Oriental,Managua,mayorista,granos,,Sorgo rojo,sorgo rojo,,,,,Quintal (100 lb),quintal,100.0,NIO,1400.0,1400.0,,1400.0,1400.0,14.0,36.754661,38.0904,0.380904,https://www.bolsagro.com.ni/estadisticas/precios-nacionales/59-precios-agropecuarios.html,,2026-10-10T13:18:19,35a9c2bc7d13c905
Nicaragua,2026-10-08,Bolsagro,Mercado Oriental,Managua,mayorista,granos,,Soya,soya,,,,,Quintal (100 lb),quintal,100.0,NIO,4600.0,4600.0,,4600.0,4600.0,46.0,36.754661,125.1542,1.251542,https://www.bolsagro.com.ni/estadisticas/precios-nacionales/59-precios-agropecuarios.html,,2026-10-10T13:18:19,1ad937135d53de6a
Nicaragua,2026-10-08,Bolsagro,Mercado Mayoreo,Managua,mayorista,hortalizas,,"Ajo blanco, CAT 1","ajo blanco, cat 1",,,Calibre 50 mm,,Caja (10 kg),caja,22.0462,NIO,1000.0,1000.0,,1000.0,1000.0,45.3593,36.754661,27.2074,1.23411,https://www.bolsagro.com.ni/estadisticas/precios-nacionales/59-precios-agropecuarios.html,,2026-10-10T13:18:19,d0f033944d59362b
Nicaragua,2026-10-08,Bolsagro,Mercado Mayoreo,Managua,mayorista,hortalizas,,"Ajo blanco, CAT 1","ajo blanco, cat 1",,,Calibre 50 mm,,Caja (5kg),caja,11.0231,NIO,500.0,500.0,,500.0,500.0,45.3593,36.754661,13.6037,1.23411,https://www.bolsagro.com.ni/estadisticas/precios-nacionales/59-precios-agropecuarios.html,,2026-10-10T13:18:19,ee06cd4dcfbb690b
Nicaragua,2026-10-08,Bolsagro,Mercado Mayoreo,Managua,mayorista,hortalizas,,Apio,apio,,,Mediano,,Saco 30 mazos (80-90 lb),saco,85.0,NIO,1800.0,1800.0,,1800.0,1800.0,21.1765,36.754661,48.9734,0.576158,https://www.bolsagro.com.ni/estadisticas/precios-nacionales/59-precios-agropecuarios.html,,2026-10-10T13:18:19,4f0d843246f1ac8c
Nicaragua,2026-10-08,Bolsagro,Mercado Mayoreo,Managua,mayorista,hortalizas,,Ayote maduro,ayote maduro,,,Grande,,Docena (180 lb),docena,180.0,NIO,750.0,750.0,,750.0,750.0,4.1667,36.754661,20.4056,0.113365,https://www.bolsagro.com.ni/estadisticas/precios-nacionales/59-precios-agropecuarios.html,,2026-10-10T13:18:19,44347c6dd9639d0d
Nicaragua,2026-10-08,Bolsagro,Mercado Mayoreo,Managua,mayorista,hortalizas,,Ayote maduro,ayote maduro,,,Mediano,,Docena (120 lb),docena,120.0,NIO,450.0,450.0,,450.0,450.0,3.75,36.754661,12.2433,0.102028,https://www.bolsagro.com.ni/estadisticas/precios-nacionales/59-precios-agropecuarios.html,,2026-10-10T13:18:19,09b64f16f928d80f
Nicaragua,2026-10-08,Bolsagro,Mercado Mayoreo,Managua,mayorista,hortalizas,,Ayote tierno,ayote tierno,,,Pequeño,,Docena (60 lb),docena,60.0,NIO,250.0,250.0,,250.0,250.0,4.1667,36.754661,6.8019,0.113365,https://www.bolsagro.com.ni/estadisticas/precios-nacionales/59-precios-agropecuarios.html,,2026-10-10T13:18:19,139c6084217ee07d
Nicaragua,2026-10-08,Bolsagro,Mercado Mayoreo,Managua,mayorista,hortalizas,,Brócoli,brocoli,,,Pequeño,,Docena (12 lb),docena,12.0,NIO,550.0,550.0,,550.0,550.0,45.8333,36.754661,14.9641,1.247006,https://www.bolsagro.com.ni/estadisticas/precios-nacionales/59-precios-agropecuarios.html,,2026-10-10T13:18:19,d85b71105ddf54c1
Nicaragua,2026-10-08,Bolsagro,Mercado Mayoreo,Managua,mayorista,hortalizas,,Cebolla amarilla seca,cebolla amarilla seca,,,Mediano,,Saco (50 lb),saco,50.0,NIO,800.0,800.0,,800.0,800.0,16.0,36.754661,21.7659,0.435319,https://www.bolsagro.com.ni/estadisticas/precios-nacionales/59-precios-agropecuarios.html,,2026-10-10T13:18:19,db827aae3e2b4c75
Nicaragua,2026-10-08,Bolsagro,Mercado Mayoreo,Managua,mayorista,hortalizas,,Cebolla amarilla seca,cebolla amarilla seca,,,Pequeño,,Saco (50 lb),saco,50.0,NIO,700.0,700.0,,700.0,700.0,14.0,36.754661,19.0452,0.380904,https://www.bolsagro.com.ni/estadisticas/precios-nacionales/59-precios-agropecuarios.html,,2026-10-10T13:18:19,beee49b67fd60ebd
Nicaragua,2026-10-08,Bolsagro,Mercado Mayoreo,Managua,mayorista,hortalizas,,Chayote verde oscuro,chayote verde oscuro,,,Grande,,Saco de 200 und (150 lb),saco,150.0,NIO,1000.0,1000.0,,1000.0,1000.0,6.6667,36.754661,27.2074,0.181384,https://www.bolsagro.com.ni/estadisticas/precios-nacionales/59-precios-agropecuarios.html,,2026-10-10T13:18:19,1f922ec5b238d7a9
Nicaragua,2026-10-08,Bolsagro,Mercado Mayoreo,Managua,mayorista,hortalizas,,Chile Jalapeño,chile jalapeno,,,Mediano,,Quintal (100 lb),quintal,100.0,NIO,600.0,600.0,,600.0,600.0,6.0,36.754661,16.3245,0.163245,https://www.bolsagro.com.ni/estadisticas/precios-nacionales/59-precios-agropecuarios.html,,2026-10-10T13:18:19,a2a8b25ad3c33e4b
Nicaragua,2026-10-08,Bolsagro,Mercado Mayoreo,Managua,mayorista,hortalizas,,Chilote,chilote,,,Mediano,,Cien und (30-35 lb),cien,32.5,NIO,220.0,220.0,,220.0,220.0,6.7692,36.754661,5.9856,0.184173,https://www.bolsagro.com.ni/estadisticas/precios-nacionales/59-precios-agropecuarios.html,,2026-10-10T13:18:19,5c0d6f9235f932af
Nicaragua,2026-10-08,Bolsagro,Mercado Mayoreo,Managua,mayorista,hortalizas,,Chiltoma,chiltoma,,,Mediano,,Saco (50-60 lb),saco,55.0,NIO,600.0,600.0,,600.0,600.0,10.9091,36.754661,16.3245,0.296809,https://www.bolsagro.com.ni/estadisticas/precios-nacionales/59-precios-agropecuarios.html,,2026-10-10T13:18:19,fa1f5da6111e641c
Nicaragua,2026-10-08,Bolsagro,Mercado Mayoreo,Managua,mayorista,hortalizas,,Coliflor,coliflor,,,Mediano,,Docena (24 lb),docena,24.0,NIO,600.0,600.0,,600.0,600.0,25.0,36.754661,16.3245,0.680186,https://www.bolsagro.com.ni/estadisticas/precios-nacionales/59-precios-agropecuarios.html,,2026-10-10T13:18:19,96d7f6ce61042dc8
Nicaragua,2026-10-08,Bolsagro,Mercado Mayoreo,Managua,mayorista,hortalizas,,Culantro,culantro,,,Mediano,,Mazo (2.5-3 oz),mazo,0.1719,NIO,50.0,50.0,,50.0,50.0,290.8668,36.754661,1.3604,7.913739,https://www.bolsagro.com.ni/estadisticas/precios-nacionales/59-precios-agropecuarios.html,,2026-10-10T13:18:19,aa3d45969536de26
Nicaragua,2026-10-08,Bolsagro,Mercado Mayoreo,Managua,mayorista,hortalizas,,Elote blanco,elote blanco,,,Mediano,,Cien und (70-80 lb),cien,75.0,NIO,800.0,800.0,,800.0,800.0,10.6667,36.754661,21.7659,0.290214,https://www.bolsagro.com.ni/estadisticas/precios-nacionales/59-precios-agropecuarios.html,,2026-10-10T13:18:19,03fc03cc72ce20cc
Nicaragua,2026-10-08,Bolsagro,Mercado Mayoreo,Managua,mayorista,hortalizas,,Hierbabuena,hierbabuena,,,Mediano,,Canasto 30 doc (50-60 lb),canasto,55.0,NIO,1500.0,1500.0,,1500.0,1500.0,27.2727,36.754661,40.8112,0.74202,https://www.bolsagro.com.ni/estadisticas/precios-nacionales/59-precios-agropecuarios.html,,2026-10-10T13:18:19,0d17962fa7279e5d
Nicaragua,2026-10-08,Bolsagro,Mercado Mayoreo,Managua,mayorista,hortalizas,,Lechuga Iceberg,lechuga iceberg,,,Mediano,,Docena (16-18 lb),docena,17.0,NIO,1100.0,1100.0,,1100.0,1100.0,64.7059,36.754661,29.9282,1.760481,https://www.bolsagro.com.ni/estadisticas/precios-nacionales/59-precios-agropecuarios.html,,2026-10-10T13:18:19,d083c3c088f0b348
Nicaragua,2026-10-08,Bolsagro,Mercado Mayoreo,Managua,mayorista,hortalizas,,Lechuga Iceberg,lechuga iceberg,,,Pequeño,,Docena (9-14 lb),docena,11.5,NIO,180.0,180.0,,180.0,180.0,15.6522,36.754661,4.8973,0.425856,https://www.bolsagro.com.ni/estadisticas/precios-nacionales/59-precios-agropecuarios.html,,2026-10-10T13:18:19,b3de00395058efde
Nicaragua,2026-10-08,Bolsagro,Mercado Mayoreo,Managua,mayorista,hortalizas,,Papa blanca,papa blanca,,,Mediano,,Quintal (100 lb),quintal,100.0,NIO,2800.0,2800.0,,2800.0,2800.0,28.0,36.754661,76.1808,0.761808,https://www.bolsagro.com.ni/estadisticas/precios-nacionales/59-precios-agropecuarios.html,,2026-10-10T13:18:19,2ede2cd614194ebe
Nicaragua,2026-10-08,Bolsagro,Mercado Mayoreo,Managua,mayorista,hortalizas,,Pepino,pepino,,,Mediano,,Saco (150 lb),saco,150.0,NIO,1200.0,1200.0,,1200.0,1200.0,8.0,36.754661,32.6489,0.217659,https://www.bolsagro.com.ni/estadisticas/precios-nacionales/59-precios-agropecuarios.html,,2026-10-10T13:18:19,02615088e2b1705d
Nicaragua,2026-10-08,Bolsagro,Mercado Mayoreo,Managua,mayorista,hortalizas,,Perejil,perejil,,,Mediano,,Mazo (6-8 oz),mazo,0.4375,NIO,40.0,40.0,,40.0,40.0,91.4286,36.754661,1.0883,2.487538,https://www.bolsagro.com.ni/estadisticas/precios-nacionales/59-precios-agropecuarios.html,,2026-10-10T13:18:19,baae671e7027ab0d
Nicaragua,2026-10-08,Bolsagro,Mercado Mayoreo,Managua,mayorista,hortalizas,,Pipián,pipian,,,Mediano,,Docena (8-9 lb),docena,8.5,NIO,150.0,150.0,,150.0,150.0,17.6471,36.754661,4.0811,0.480132,https://www.bolsagro.com.ni/estadisticas/precios-nacionales/59-precios-agropecuarios.html,,2026-10-10T13:18:19,bb813cf2a2b33dc9
Nicaragua,2026-10-08,Bolsagro,Mercado Mayoreo,Managua,mayorista,hortalizas,,Quequisque,quequisque,,,Mediano,,Saco (110-130 lb),saco,120.0,NIO,2000.0,2000.0,,2000.0,2000.0,16.6667,36.754661,54.4149,0.453458,https://www.bolsagro.com.ni/estadisticas/precios-nacionales/59-precios-agropecuarios.html,,2026-10-10T13:18:19,586511f3fa0b217b
Nicaragua,2026-10-08,Bolsagro,Mercado Mayoreo,Managua,mayorista,hortalizas,,Remolacha,remolacha,,,Grande,,Saco (95-100 lb),saco,97.5,NIO,1200.0,1200.0,,1200.0,1200.0,12.3077,36.754661,32.6489,0.334861,https://www.bolsagro.com.ni/estadisticas/precios-nacionales/59-precios-agropecuarios.html,,2026-10-10T13:18:19,d2fd3eb4700fc832
Nicaragua,2026-10-08,Bolsagro,Mercado Mayoreo,Managua,mayorista,hortalizas,,Repollo verde,repollo verde,,,Grande,,"Cien und (1,000-1,200 lb)",cien,200.0,NIO,3700.0,3700.0,,3700.0,3700.0,18.5,36.754661,100.6675,0.503338,https://www.bolsagro.com.ni/estadisticas/precios-nacionales/59-precios-agropecuarios.html,,2026-10-10T13:18:19,26f0e095136dc45f
Nicaragua,2026-10-08,Bolsagro,Mercado Mayoreo,Managua,mayorista,hortalizas,,Repollo verde,repollo verde,,,Mediano,,Cien und (800 lb),cien,800.0,NIO,3500.0,3500.0,,3500.0,3500.0,4.375,36.754661,95.226,0.119033,https://www.bolsagro.com.ni/estadisticas/precios-nacionales/59-precios-agropecuarios.html,,2026-10-10T13:18:19,cee1bdac4cf6cdb6
Nicaragua,2026-10-08,Bolsagro,Mercado Mayoreo,Managua,mayorista,hortalizas,,Repollo verde,repollo verde,,,Pequeño,,Cien und (500 lb),cien,500.0,NIO,2500.0,2500.0,,2500.0,2500.0,5.0,36.754661,68.0186,0.136037,https://www.bolsagro.com.ni/estadisticas/precios-nacionales/59-precios-agropecuarios.html,,2026-10-10T13:18:19,fcfa16bf8097772b
Nicaragua,2026-10-08,Bolsagro,Mercado Mayoreo,Managua,mayorista,hortalizas,,Rábano,rabano,,,Mediano,,Mazo (1.5-2 lb),mazo,1.75,NIO,40.0,40.0,,40.0,40.0,22.8571,36.754661,1.0883,0.621883,https://www.bolsagro.com.ni/estadisticas/precios-nacionales/59-precios-agropecuarios.html,,2026-10-10T13:18:19,e9d8dc42c29130ac
Nicaragua,2026-10-08,Bolsagro,Mercado Mayoreo,Managua,mayorista,hortalizas,,Tomate pera,tomate pera,,,Mediano,,Cesta plástica (45-50 lb),cesta,47.5,NIO,800.0,800.0,,800.0,800.0,16.8421,36.754661,21.7659,0.45823,https://www.bolsagro.com.ni/estadisticas/precios-nacionales/59-precios-agropecuarios.html,,2026-10-10T13:18:19,e6bf4e41f9e970fe
Nicaragua,2026-10-08,Bolsagro,Mercado Mayoreo,Managua,mayorista,hortalizas,,Tomate pera,tomate pera,,,Pequeño,,Cesta plástica (45-50 lb),cesta,47.5,NIO,700.0,700.0,,700.0,700.0,14.7368,36.754661,19.0452,0.400951,https://www.bolsagro.com.ni/estadisticas/precios-nacionales/59-precios-agropecuarios.html,,2026-10-10T13:18:19,e9ec77206dede820
Nicaragua,2026-10-08,Bolsagro,Mercado Mayoreo,Managua,mayorista,hortalizas,,Yuca blanca,yuca blanca,,,Mediano,,Saco (100 lb),saco,100.0,NIO,900.0,900.0,,900.0,900.0,9.0,36.754661,24.4867,0.244867,https://www.bolsagro.com.ni/estadisticas/precios-nacionales/59-precios-agropecuarios.html,,2026-10-10T13:18:19,af1d60a4beb34e02
Nicaragua,2026-10-08,Bolsagro,Mercado Mayoreo,Managua,mayorista,hortalizas,,Zanahoria,zanahoria,,,Grande,,Saco (80 lb),saco,80.0,NIO,500.0,500.0,,500.0,500.0,6.25,36.754661,13.6037,0.170046,https://www.bolsagro.com.ni/estadisticas/precios-nacionales/59-precios-agropecuarios.html,,2026-10-10T13:18:19,cdace8239ad5472d
Nicaragua,2026-10-08,Bolsagro,Mercado Oriental,Managua,minorista,huevos,Otros,Huevo blanco grande de gallina,huevo blanco grande de gallina,,,,,Cajilla de 30 und (3.75 lb),cajilla,3.75,NIO,190.0,190.0,,190.0,190.0,50.6667,36.754661,5.1694,1.378511,https://www.bolsagro.com.ni/estadisticas/precios-nacionales/59-precios-agropecuarios.html,,2026-10-10T13:18:19,325be63aecf69e95
Nicaragua,2026-10-08,Bolsagro,Mercado Oriental,Managua,minorista,huevos,Otros,Huevo blanco mediano de gallina,huevo blanco mediano de gallina,,,,,Cajilla de 30 und (3.30 lb),cajilla,3.3,NIO,175.0,175.0,,175.0,175.0,53.0303,36.754661,4.7613,1.442818,https://www.bolsagro.com.ni/estadisticas/precios-nacionales/59-precios-agropecuarios.html,,2026-10-10T13:18:19,322b159c51bf7e27
Nicaragua,2026-10-08,Bolsagro,Mercado Oriental,Managua,minorista,huevos,Otros,Huevo rojo grande de gallina,huevo rojo grande de gallina,,,,,Cajilla de 30 und (3.75 lb),cajilla,3.75,NIO,190.0,190.0,,190.0,190.0,50.6667,36.754661,5.1694,1.378511,https://www.bolsagro.com.ni/estadisticas/precios-nacionales/59-precios-agropecuarios.html,,2026-10-10T13:18:19,bd64f01ad5449a8f
Nicaragua,2026-10-08,Bolsagro,Mercado Oriental,Managua,minorista,huevos,Otros,Huevo rojo mediano de gallina,huevo rojo mediano de gallina,,,,,Cajilla de 30 und (3.30 lb),cajilla,3.3,NIO,175.0,175.0,,175.0,175.0,53.0303,36.754661,4.7613,1.442818,https://www.bolsagro.com.ni/estadisticas/precios-nacionales/59-precios-agropecuarios.html,,2026-10-10T13:18:19,c8cc28128365567b
Nicaragua,2026-10-08,Bolsagro,Mercado Oriental,Managua,minorista,lacteos,Lácteos,Crema,crema,,,,,Libra,libra,1.0,NIO,60.0,60.0,,60.0,60.0,60.0,36.754661,1.6324,1.632446,https://www.bolsagro.com.ni/estadisticas/precios-nacionales/59-precios-agropecuarios.html,,2026-10-10T13:18:19,6faea7e091a64de1
Nicaragua,2026-10-08,Bolsagro,Mercado Oriental,Managua,minorista,lacteos,Otros,Leche fluida pasteurizada,leche fluida pasteurizada,,,,,Litro (Cartón),litro,,NIO,57.0,57.0,,57.0,57.0,,36.754661,1.5508,,https://www.bolsagro.com.ni/estadisticas/precios-nacionales/59-precios-agropecuarios.html,,2026-10-10T13:18:19,807f54bbb17599e7
Nicaragua,2026-10-08,Bolsagro,Mercado Oriental,Managua,minorista,lacteos,Lácteos,Mantequilla,mantequilla,,,,,Libra,libra,1.0,NIO,60.0,60.0,,60.0,60.0,60.0,36.754661,1.6324,1.632446,https://www.bolsagro.com.ni/estadisticas/precios-nacionales/59-precios-agropecuarios.html,,2026-10-10T13:18:19,9cd8efb8c574d2c4
Nicaragua,2026-10-08,Bolsagro,Mercado Oriental,Managua,minorista,lacteos,Lácteos,Queso fresco,queso fresco,,,,,Libra,libra,1.0,NIO,75.0,75.0,,75.0,75.0,75.0,36.754661,2.0406,2.040558,https://www.bolsagro.com.ni/estadisticas/precios-nacionales/59-precios-agropecuarios.html,,2026-10-10T13:18:19,c28ec3818c98ec01
Nicaragua,2026-10-08,Bolsagro,Mercado Oriental,Managua,minorista,lacteos,Lácteos,Queso seco,queso seco,,,,,Libra,libra,1.0,NIO,88.0,88.0,,88.0,88.0,88.0,36.754661,2.3943,2.394254,https://www.bolsagro.com.ni/estadisticas/precios-nacionales/59-precios-agropecuarios.html,,2026-10-10T13:18:19,980bf74152b001e6
Nicaragua,2026-10-08,Bolsagro,Mercado Oriental,Managua,minorista,pesca,Mariscos,Camarón,camaron,,,,,Libra,libra,1.0,NIO,230.0,230.0,,230.0,230.0,230.0,36.754661,6.2577,6.25771,https://www.bolsagro.com.ni/estadisticas/precios-nacionales/59-precios-agropecuarios.html,,2026-10-10T13:18:19,e2a188c6a8f92346
Nicaragua,2026-10-08,Bolsagro,Mercado Oriental,Managua,minorista,pesca,Mariscos,Filete de Corvina,filete de corvina,,,,,Libra,libra,1.0,NIO,140.0,140.0,,140.0,140.0,140.0,36.754661,3.809,3.809041,https://www.bolsagro.com.ni/estadisticas/precios-nacionales/59-precios-agropecuarios.html,,2026-10-10T13:18:19,f7489656d444b31b
Nicaragua,2026-10-08,Bolsagro,Mercado Oriental,Managua,minorista,pesca,Mariscos,Filete de Dorado,filete de dorado,,,,,Libra,libra,1.0,NIO,150.0,150.0,,150.0,150.0,150.0,36.754661,4.0811,4.081115,https://www.bolsagro.com.ni/estadisticas/precios-nacionales/59-precios-agropecuarios.html,,2026-10-10T13:18:19,61389a3360884004
Nicaragua,2026-10-08,Bolsagro,Mercado Oriental,Managua,minorista,pesca,Mariscos,Filete de Robalo,filete de robalo,,,,,Libra,libra,1.0,NIO,110.0,110.0,,110.0,110.0,110.0,36.754661,2.9928,2.992818,https://www.bolsagro.com.ni/estadisticas/precios-nacionales/59-precios-agropecuarios.html,,2026-10-10T13:18:19,12a8d4e41a277d11
Nicaragua,2026-10-08,Bolsagro,Mercado Oriental,Managua,minorista,pesca,Mariscos,Filete de Roncador,filete de roncador,,,,,Libra,libra,1.0,NIO,110.0,110.0,,110.0,110.0,110.0,36.754661,2.9928,2.992818,https://www.bolsagro.com.ni/estadisticas/precios-nacionales/59-precios-agropecuarios.html,,2026-10-10T13:18:19,b13a3c59b6be2176
Nicaragua,2026-10-08,Bolsagro,Mercado Oriental,Managua,minorista,pesca,Mariscos,Filete de tiburón,filete de tiburon,,,,,Libra,libra,1.0,NIO,110.0,110.0,,110.0,110.0,110.0,36.754661,2.9928,2.992818,https://www.bolsagro.com.ni/estadisticas/precios-nacionales/59-precios-agropecuarios.html,,2026-10-10T13:18:19,3cc738e40d7c77ce
Nicaragua,2026-10-08,Bolsagro,Mercado Oriental,Managua,minorista,pesca,Mariscos,Pescado Corvina,pescado corvina,,,,,Libra,libra,1.0,NIO,100.0,100.0,,100.0,100.0,100.0,36.754661,2.7207,2.720743,https://www.bolsagro.com.ni/estadisticas/precios-nacionales/59-precios-agropecuarios.html,,2026-10-10T13:18:19,06faacc56685ca5b
Nicaragua,2026-10-08,Bolsagro,Mercado Oriental,Managua,minorista,pesca,Mariscos,Pescado Macarela,pescado macarela,,,,,Libra,libra,1.0,NIO,100.0,100.0,,100.0,100.0,100.0,36.754661,2.7207,2.720743,https://www.bolsagro.com.ni/estadisticas/precios-nacionales/59-precios-agropecuarios.html,,2026-10-10T13:18:19,9d7ead7bcaf9f376
Nicaragua,2026-10-08,Bolsagro,Mercado Oriental,Managua,minorista,pesca,Mariscos,Pescado Pargo,pescado pargo,,,,,Libra,libra,1.0,NIO,140.0,140.0,,140.0,140.0,140.0,36.754661,3.809,3.809041,https://www.bolsagro.com.ni/estadisticas/precios-nacionales/59-precios-agropecuarios.html,,2026-10-10T13:18:19,4feefee7a4b5da31
